key,es,en,ca,pt,de,gl,eu
ui.title,"La Brújula Algorítmica","The Algorithmic Compass","La Brúixola Algorítmica","A Bússola Algorítmica","Der Algorithmische Kompass","O Compás Algorítmico","Orratz Algoritmikoa"
ui.introText,"¡Te damos la bienvenida a esta expedición digital! En un mar de recomendaciones automáticas, cada persona traza su propia ruta. ¿Te dejas llevar por la corriente o tomas el timón de tus decisiones?","Welcome to this digital expedition! In a sea of automatic recommendations, everyone charts their own course. Do you go with the flow or take the helm of your decisions?","Et donem la benvinguda a aquesta expedició digital! En un mar de recomanacions automàtiques, cada persona traça la seva pròpia ruta. Et deixes portar per la corrent o agafes el timó de les teves decisions?","Boas-vindas a esta expedição digital! Num mar de recomendações automáticas, cada pessoa traça a sua própria rota. Deixa-se levar pela corrente ou assume o leme das suas decisões?","Willkommen zu dieser digitalen Expedition! In einem Meer von automatischen Empfehlungen plant jede Person ihre eigene Route. Lässt du dich treiben oder übernimmst du das Steuer deiner Entscheidungen?","Dámosche a benvida a esta expedición dixital! Nun mar de recomendacións automáticas, cada persoa traza a súa propia ruta. Déixaste levar pola corrente ou tomas o temón das túas decisións?","Ongi etorri espedizio digital honetara! Gomendio automatikoen itsasoan, norberak bere bidea zehazten du. Korronteak eramaten uzten zara ala erabakien gidaritza hartzen duzu?"
ui.startBtn,"Iniciar la aventura","Start the adventure","Iniciar l'aventura","Iniciar a aventura","Abenteuer beginnen","Iniciar a aventura","Hasi abentura"
ui.disclaimer1,"Esta aplicación tiene un carácter lúdico y no es una herramienta metodológicamente contrastada. Se ha desarrollado con el único propósito de mejorar la alfabetización algorítmica de las personas usuarias.","This application has a playful nature and is not a methodologically validated tool. It has been developed with the sole purpose of improving the algorithmic literacy of its users.","Aquesta aplicació té un caràcter lúdic i no és una eina metodològicament contrastada. S'ha desenvolupat amb l'únic propòsit de millorar l'alfabetització algorítmica de les persones usuàries.","Esta aplicação tem um caráter lúdico e não é uma ferramenta metodologicamente contrastada. Foi desenvolvida com o único propósito de melhorar a literacia algorítmica de quem a utiliza.","Diese Anwendung hat einen spielerischen Charakter und ist kein methodisch validiertes Werkzeug. Sie wurde ausschließlich entwickelt, um die algorithmische Alphabetisierung der Nutzer zu verbessern.","Esta aplicación ten un carácter lúdico e non é unha ferramenta metodoloxicamente contrastada. Desenvolveuse co único propósito de mellorar a alfabetización algorítmica das persoas usuarias.","Aplikazio honek jolas-izaera du eta ez da metodologikoki kontrastatutako tresna bat. Erabiltzaileen alfabetatze algoritmikoa hobetzeko helburu bakarrarekin garatu da."
ui.disclaimer2,"Las respuestas facilitadas son totalmente anónimas y ALCOM no almacena ningún dato durante la navegación. Se utiliza GoatCounter para conocer de manera totalmente anónima el volumen de visitas, el tiempo de permanencia y el uso de las funcionalidades (como la descarga de imágenes). No se utilizan cookies de rastreo. El objetivo es exclusivamente analítico y de mejora del proyecto.","The answers provided are completely anonymous and ALCOM does not store any data during navigation. GoatCounter is used to know, in a totally anonymous way, the volume of visits, time spent, and the use of features (such as image downloading). Tracking cookies are not used. The objective is exclusively analytical and for the improvement of the project.","Les respostes facilitades són totalment anònimes i ALCOM no emmagatzema cap dada durant la navegació. S'utilitza GoatCounter per conèixer de manera totalment anònima el volum de visites, el temps de permanència i l'ús de les funcionalitats (com la descàrrega d'imatges). No s'utilitzen cookies de rastreig. L'objectiu és exclusivament analític i de millora del projecte.","As respostas fornecidas são totalmente anónimas e o ALCOM não armazena qualquer dado durante a navegação. Utiliza-se o GoatCounter para conhecer de forma totalmente anónima o volume de visitas, o tempo de permanência e o uso das funcionalidades (como o descarregamento de imagens). Não se utilizam cookies de rastreio. O objetivo é exclusivamente analítico e para a melhoria do projeto.","Die gegebenen Antworten sind völlig anonym und ALCOM speichert während der Navigation keine Daten. GoatCounter wird verwendet, um auf völlig anonyme Weise das Volumen der Besuche, die Verweildauer und die Nutzung von Funktionen (wie z. B. das Herunterladen von Bildern) zu erfassen. Es werden keine Tracking-Cookies verwendet. Das Ziel ist ausschließlich analytisch und zur Verbesserung des Projekts.","As respostas facilitadas son totalmente anónimas e ALCOM non almacena ningún dato durante a navegación. Utilízase GoatCounter para coñecer de xeito totalmente anónimo o volume de visitas, o tempo de permanencia e o uso das funcionalidades (como a descarga de imaxes). Non se utilizan cookies de rastrexo. O obxectivo é exclusivamente analítico e de mellora do proxecto.","Emandako erantzunak guztiz anonimoak dira eta ALCOMek ez du inolako daturik gordetzen nabigazioan zehar. GoatCounter erabiltzen da bisiten bolumena, emandako denbora eta funtzionalitateen erabilera (irudien deskarga, adibidez) modu erabat anonimoan ezagutzeko. Ez da jarraipen-cookierik erabiltzen. Helburua esklusiboki analitikoa eta proiektua hobetzekoa da."
ui.step1,"Paso 1","Step 1","Pas 1","Passo 1","Schritt 1","Paso 1","1. urratsa"
ui.destTitle,"Elige tu destino de exploración","Choose your exploration destination","Tria el teu destí d'exploració","Escolha o seu destino de exploração","Wähle dein Erkundungsziel","Elixe o teu destino de exploración","Aukeratu zure esplorazio-helburua"
ui.destSub,"¿En qué territorio digital vamos a adentrarnos hoy?","Which digital territory are we venturing into today?","En quin territori digital ens endinsarem avui?","Em que território digital nos vamos aventurar hoje?","In welches digitale Gebiet wagen wir uns heute?","En que territorio dixital imos penetrar hoxe?","Zer lurralde digitaletan sartuko gara gaur?"
ui.other,"Otros territorios","Other territories","Altres territoris","Outros territórios","Andere Gebiete","Outros territorios","Beste lurralde batzuk"
ui.unexplored,"Territorio inexplorado","Unexplored territory","Territori inexplorat","Território inexplorado","Unerforschtes Gebiet","Territorio inexplorado","Arakatu gabeko lurraldea"
ui.placeName,"Nombre del lugar","Place name","Nom del lloc","Nome do lugar","Name des Ortes","Nome do lugar","Tokiaren izena"
ui.placePlaceholder,"Ej: Twitch, Filmin...","E.g., Twitch, Filmin...","Ex: Twitch, Filmin...","Ex: Twitch, Filmin...","Z.B.: Twitch, Filmin...","Ex: Twitch, Filmin...","Adibidez: Twitch, Filmin..."
ui.ecoType,"Tipo de ecosistema","Ecosystem type","Tipus d'ecosistema","Tipo de ecossistema","Art des Ökosystems","Tipo de ecosistema","Ekosistema mota"
ui.ecoSelect,"Selecciona su tipo...","Select its type...","Selecciona el seu tipus...","Selecione o seu tipo...","Wähle den Typ...","Selecciona o seu tipo...","Hautatu mota..."
ui.ecoSocial,"Red Social (muros, vídeos cortos, creadores...)","Social Network (feeds, short videos, creators...)","Xarxa Social (murs, vídeos curts, creadors...)","Rede Social (murais, vídeos curtos, criadores...)","Soziales Netzwerk (Feeds, Kurzvideos, Creator...)","Rede Social (muros, vídeos curtos, creadors...)","Sare soziala (hormak, bideo laburrak, sortzaileak...)"
ui.ecoStreaming,"Streaming (películas, series, catálogos...)","Streaming (movies, series, catalogs...)","Streaming (pel·lícules, sèries, catàlegs...)","Streaming (filmes, séries, catálogos...)","Streaming (Filme, Serien, Kataloge...)","Streaming (películas, series, catálogos...)","Streaming-a (filmak, serieak, katalogoak...)"
ui.confirmRoute,"Confirmar ruta","Confirm route","Confirmar ruta","Confirmar rota","Route bestätigen","Confirmar ruta","Berretsi bidea"
ui.alertFill,"Por favor, rellena el nombre y el tipo de plataforma para continuar el viaje.","Please fill in the name and platform type to continue the journey.","Si us plau, omple el nom i el tipus de plataforma per continuar el viatge.","Por favor, preencha o nome e o tipo de plataforma para continuar a viagem.","Bitte fülle den Namen und den Plattformtyp aus, um die Reise fortzusetzen.","Por favor, enche o nome e o tipo de plataforma para continuar a viaxe.","Mesedez, bete plataformaren izena eta mota bidaiarekin jarraitzeko."
ui.exploration,"Exploración","Exploration","Exploració","Exploração","Erkundung","Exploración","Esplorazioa"
ui.endExpedition,"Fin de la expedición","End of the expedition","Fi de l'expedició","Fim da expedição","Ende der Expedition","Fin da expedición","Espedizioaren amaiera"
ui.profile,"Perfil:","Profile:","Perfil:","Perfil:","Profil:","Perfil:","Profila:"
ui.exploreOther,"Explorar otro territorio","Explore another territory","Explorar un altre territori","Explorar outro território","Ein anderes Gebiet erkunden","Explorar outro territorio","Esploratu beste lurralde bat"
ui.tipsBtn,"Consejos","Tips","Consells","Dicas","Tipps","Consellos","Aholkuak"
ui.downloadBtn,"Descarga y comparte tu brújula","Download and share your compass","Descarrega i comparteix la teva brúixola","Descarregue e partilhe a sua bússola","Lade deinen Kompass herunter und teile ihn","Descarga e comparte o teu compás","Deskargatu eta partekatu zure orratza"
ui.notebook,"Cuaderno de viaje","Travel Log","Quadern de viatge","Diário de bordo","Reisetagebuch","Caderno de viaxe","Bidaia-koadernoa"
ui.understood,"Entendido, ¡a explorar!","Understood, let's explore!","Entès, a explorar!","Entendido, vamos explorar!","Verstanden, lass uns erkunden!","Entendido, a explorar!","Ados, esploratzera!"
ui.footer1,"Un desarrollo de Xavier Ribes para el proyecto ALCOM","Developed by Xavier Ribes for the ALCOM project","Un desenvolupament de Xavier Ribes per al projecte ALCOM","Um desenvolvimento de Xavier Ribes para o projeto ALCOM","Eine Entwicklung von Xavier Ribes für das ALCOM-Projekt","Un desenvolvemento de Xavier Ribes para o proxecto ALCOM","Xavier Ribesek ALCOM proiekturako egindako garapena"
ui.footer2,"Percepción y generación de conocimiento sobre los algoritmos de personalización en las plataformas digitales de comunicación (PID2023-148682OA-I00)","Perception and generation of knowledge about personalization algorithms in digital communication platforms (PID2023-148682OA-I00)","Percepció i generació de coneixement sobre els algorismes de personalització en les plataformes digitals de comunicació (PID2023-148682OA-I00)","Perceção e geração de conhecimento sobre os algoritmos de personalização nas plataformas digitais de comunicação (PID2023-148682OA-I00)","Wahrnehmung und Wissensgenerierung über Personalisierungsalgorithmen auf digitalen Kommunikationsplattformen (PID2023-148682OA-I00)","Percepción e xeración de coñecemento sobre os algoritmos de personalización nas plataformas dixitais de comunicación (PID2023-148682OA-I00)","Komunikazio-plataforma digitaletako pertsonalizazio-algoritmoei buruzko ezagutzaren hautematea eta sorrera (PID2023-148682OA-I00)"
ui.breakdownTitle,"Desglose de tu expedición","Breakdown of your expedition","Desglossament de la teva expedició","Detalhe da sua expedição","Aufschlüsselung deiner Expedition","Desglose da túa expedición","Zure espedizioaren banaketa"
ui.breakdownAuto,"Decisiones autónomas (alta agencia):","Autonomous decisions (high agency):","Decisions autònomes (alta agència):","Decisões autónomas (alta agência):","Autonome Entscheidungen (hohe Handlungsmacht):","Decisións autónomas (alta axencia):","Erabaki autonomoak (agentzia handia):"
ui.breakdownBal,"Decisiones guiadas/mixtas:","Guided/mixed decisions:","Decisions guiades/mixtes:","Decisões guiadas/mistas:","Geleitete/gemischte Entscheidungen:","Decisións guiadas/mixtas:","Gidatutako/mistoak diren erabakiak:"
ui.breakdownDeleg,"Decisiones delegadas (baja agencia):","Delegated decisions (low agency):","Decisions delegades (baixa agència):","Decisões delegadas (baixa agência):","Delegierte Entscheidungen (geringe Handlungsmacht):","Decisións delegadas (baixa axencia):","Eskuordetutako erabakiak (agentzia txikia):"
ui.exportFooter,"Descubre tu perfil algorítmico en https://xaviuab.github.io/alcom/","Discover your algorithmic profile at https://xaviuab.github.io/alcom/","Descobreix el teu perfil algorítmic a https://xaviuab.github.io/alcom/","Descubra o seu perfil algorítmico em https://xaviuab.github.io/alcom/","Entdecke dein algorithmisches Profil auf https://xaviuab.github.io/alcom/","Descobre o teu perfil algorítmico en https://xaviuab.github.io/alcom/","Ezagutu zure profil algoritmikoa hemen: https://xaviuab.github.io/alcom/"
ui.strengthTitle,"Puntos fuertes de tu navegación:","Strengths of your navigation:","Punts forts de la teva navegació:","Pontos fortes da sua navegação:","Stärken deiner Navigation:","Puntos fortes da túa navegación:","Zure nabigazioaren gune indartsuak:"
ui.weaknessTitle,"Un espacio para ganar más autonomía:","An area to gain more autonomy:","Un espai per guanyar més autonomia:","Um espaço para ganhar mais autonomia:","Ein Raum, um mehr Autonomie zu gewinnen:","Un espazo para gañar máis autonomía:","Autonomia handiagoa lortzeko espazioa:"
ui.topics.0.name,"Gestión del inicio y feed","Feed and startup management","Gestió de l'inici i feed","Gestão do início e feed","Feed- und Startmanagement","Xestión do inicio e feed","Hasierako orriaren eta feed-aren kudeaketa"
ui.topics.0.pos,"Tomas el timón en cuanto embarcas, fijando tus propias coordenadas en lugar de dejar que la corriente te arrastre.","You take the helm as soon as you board, setting your own coordinates instead of letting the current drag you.","Agafes el timó tan bon punt embarques, fixant les teves pròpies coordenades en lloc de deixar-te arrossegar pel corrent.","Assume o leme logo ao embarcar, definindo as suas próprias coordenadas em vez de se deixar arrastar pela corrente.","Du übernimmst das Steuer, sobald du an Bord gehst, und setzt deine eigenen Koordinaten, anstatt dich von der Strömung mitreißen zu lassen.","Tomas o temón en canto embarcas, fixando as túas propias coordenadas no canto de deixar que a corrente te arrastre.","Ontziratu bezain laster lema hartzen duzu, zure koordenatuak ezarriz korronteak eraman zaitzan utzi beharrean."
ui.topics.0.neg,"Tiendes a quedarte en la sala de espera, dejando que la agencia decida tus primeras paradas sin cuestionar el itinerario.","You tend to stay in the waiting room, letting the agency decide your first stops without questioning the itinerary.","Tendeixes a quedar-te a la sala d'espera, deixant que l'agència decideixi les teves primeres parades sense qüestionar l'itinerari.","Tende a ficar na sala de espera, deixando a agência decidir as suas primeiras paragens sem questionar o itinerário.","Du neigst dazu, im Warteraum zu bleiben und die Agentur deine ersten Stopps entscheiden zu lassen, ohne die Reiseroute zu hinterfragen.","Tendes a quedar na sala de espera, deixando que a axencia decida as túas primeiras paradas sen cuestionar o itinerario.","Itxarongelan geratzeko joera duzu, agentziari zure lehenengo geldialdiak erabakitzen utziz ibilbidea zalantzan jarri gabe."
ui.topics.1.name,"Criterio de selección","Selection criteria","Criteri de selecció","Critério de seleção","Auswahlkriterien","Criterio de selección","Hautaketa-irizpidea"
ui.topics.1.pos,"Inspeccionas el mapa y contrastas información antes de dedicar tu valioso tiempo a una excursión.","You inspect the map and cross-check information before dedicating your valuable time to an excursion.","Inspecciones el mapa i contrastes informació abans de dedicar el teu valuós temps a una excursió.","Inspeciona o mapa e cruza informações antes de dedicar o seu valioso tempo a uma excursão.","Du inspizierst die Karte und vergleichst Informationen, bevor du deine wertvolle Zeit einem Ausflug widmest.","Inspeccionas o mapa e contrastas información antes de dedicar o teu valioso tempo a unha excursión.","Mapa aztertzen duzu eta informazioa alderatzen duzu txango bati zure denbora baliotsua eskaini aurretik."
ui.topics.1.neg,"Confías ciegamente en el guía automático para decidir qué paisajes merecen tu atención.","You trust the automatic guide blindly to decide which landscapes deserve your attention.","Confies cegament en el guia automàtic per decidir quins paisatges mereixen la teva atenció.","Confia cegamente no guia automático para decidir quais as paisagens que merecem a sua atenção.","Du vertraust blind dem automatischen Reiseführer, um zu entscheiden, welche Landschaften deine Aufmerksamkeit verdienen.","Confías cegamente no guía automático para decidir que paisaxes merecen a túa atención.","Gida automatikoan itsu-itsuan fidatzen zara zein paisaiak merezi duten zure arreta erabakitzeko."
ui.topics.2.name,"Respuesta ante sesgos","Response to biases","Resposta davant dels biaixos","Resposta perante enviesamentos","Reaktion auf Verzerrungen","Resposta ante os rumbos","Alborapenei emandako erantzuna"
ui.topics.2.pos,"Detectas rápidamente las trampas para turistas y buscas senderos alternativos lejos de los intereses comerciales.","You quickly spot tourist traps and seek alternative trails away from commercial interests.","Detectes ràpidament les trampes per a turistes i busques senders alternatius lluny dels interessos comercials.","Deteta rapidamente as armadilhas para turistas e procura trilhos alternativos longe dos interesses comerciais.","Du erkennst Touristenfallen schnell und suchst nach alternativen Wegen abseits kommerzieller Interessen.","Detectas rapidamente as trampas para turistas e buscas sendeiros alternativos lonxe dos intereses comerciais.","Turistentzako tranpak azkar antzematen dituzu eta interes komertzialetatik urrun dauden bide alternatiboak bilatzen dituzu."
ui.topics.2.neg,"Sueles seguir pasivamente las rutas comerciales, incluso cuando el paisaje no encaja con tus gustos.","You tend to passively follow commercial routes, even when the scenery doesn't fit your tastes.","Acostumes a seguir passivament les rutes comercials, fins i tot quan el paisatge no encaixa amb els teus gustos.","Costuma seguir passivamente as rotas comerciais, mesmo quando a paisagem não se ajusta aos seus gostos.","Du folgst kommerziellen Routen oft passiv, selbst wenn die Landschaft nicht deinem Geschmack entspricht.","Adoitas seguir pasivamente as rutas comerciais, mesmo cando a paisaxe non encaixa cos teus gustos.","Ibilbide komertzialak pasiboki jarraitu ohi dituzu, paisaia zure gustuekin bat ez datorrenean ere."
ui.topics.3.name,"Sensación de control","Sense of control","Sensació de control","Sensação de controlo","Gefühl der Kontrolle","Sensación de control","Kontrol-sentsazioa"
ui.topics.3.pos,"Sientes el control total de la nave, navegando con soberanía sobre tu dieta digital.","You feel in total control of the ship, navigating with sovereignty over your digital diet.","Sents el control total de la nau, navegant amb sobirania sobre la teva dieta digital.","Sente o controlo total do navio, navegando com soberania sobre a sua dieta digital.","Du hast das Gefühl, das Schiff voll unter Kontrolle zu haben und navigierst souverän durch deine digitale Ernährung.","Sentes o control total da nave, navegando con soberanía sobre a túa dieta dixital.","Ontziaren erabateko kontrola sentitzen duzu, zure dieta digitalaren gaineko subiranotasunez nabigatuz."
ui.topics.3.neg,"Te sientes como un pasajero a la deriva, dejando que las corrientes de la plataforma decidan el rumbo.","You feel like a passenger adrift, letting the platform's currents decide the course.","Et sents com un passatger a la deriva, deixant que els corrents de la plataforma decideixin el rumb.","Sente-se como uma pessoa passageira à deriva, deixando que as correntes da plataforma decidam o rumo.","Du fühlst dich wie ein treibender Passagier und lässt die Strömungen der Plattform den Kurs bestimmen.","Séteste como unha persoa pasaxeira á deriva, deixando que as correntes da plataforma decidan o rumbo.","Jitoan dagoen bidaiari bat bezala sentitzen zara, plataformaren korronteei norabidea erabakitzen utziz."
ui.topics.4.name,"Descubrimiento activo","Active discovery","Descobriment actiu","Descoberta ativa","Aktive Entdeckung","Descubrimento activo","Aurkikuntza aktiboa"
ui.topics.4.pos,"Te adentras en tierras inexploradas con tu propia brújula para encontrar nuevas voces y tesoros ocultos.","You venture into unexplored lands with your own compass to find new voices and hidden gems.","T'endinses en terres inexplorades amb la teva pròpia brúixola per trobar noves veus i tresors ocults.","Aventura-se em terras inexploradas com a sua própria bússola para encontrar novas vozes e tesouros ocultos.","Du wagst dich mit deinem eigenen Kompass in unerforschte Gebiete, um neue Stimmen und verborgene Schätze zu finden.","Penetras en terras inexploradas co teu propio compás para atopar novas voces e tesouros ocultos.","Esploratu gabeko lurretan sartzen zara zure orratzarekin ahots berriak eta ezkutuko altxorrak aurkitzeko."
ui.topics.4.neg,"Dejas que el folleto turístico de sugerencias y recomendaciones dicte todos tus nuevos descubrimientos.","You let the tourist brochure of suggestions and recommendations dictate all your new discoveries.","Deixes que el fulletó turístic de suggeriments i recomanacions dicti totes les teves noves descobertes.","Deixa que o folheto turístico de sugestões e recomendações dite todas as suas novas descobertas.","Du lässt die Touristenbroschüre mit Vorschlägen und Empfehlungen alle deine neuen Entdeckungen diktieren.","Deixas que o folleto turístico de suxestións e recomendacións dite todos os teus novos descubrimentos.","Iradokizunen eta gomendioen bidaia-liburuxkari zure aurkikuntza berri guztiak agintzen uzten diozu."
ui.topics.5.name,"Consumo de tendencias","Consumption of trends","Consum de tendències","Consumo de tendências","Konsum von Trends","Consumo de tendencias","Joeren kontsumoa"
ui.topics.5.pos,"Evitas los lugares turísticos masificados y las olas virales, trazando una ruta basada en tu propio criterio.","You avoid crowded tourist spots and viral waves, charting a route based on your own criteria.","Evites els llocs turístics massificats i les onades virals, traçant una ruta basada en el teu propi criteri.","Evita os locais turísticos massificados e as ondas virais, traçando uma rota baseada no seu próprio critério.","Du meidest überlaufene Touristenorte und virale Wellen und planst eine Route basierend auf deinen eigenen Kriterien.","Evitas os lugares turísticos masificados e as ondas virais, trazando unha ruta baseada no teu propio criterio.","Jendez betetako leku turistikoak eta uhin biralak saihesten dituzu, zure irizpidean oinarritutako ibilbidea zehaztuz."
ui.topics.5.neg,"Utilizas los destinos más concurridos y virales como tu guía principal de exploración.","You use the most crowded and viral destinations as your main exploration guide.","Utilitzes les destinacions més concorregudes i virals com a guia principal d'exploració.","Utiliza os destinos mais concorridos e virais como o seu guia principal de exploração.","Du nutzt die am stärksten frequentierten und viralen Ziele als deinen Hauptleitfaden für die Erkundung.","Utilizas os destinos máis concorridos e virais como a túa guía principal de exploración.","Helmuga jendetsu eta biralenak erabiltzen dituzu esploraziorako gida nagusi gisa."
ui.topics.6.name,"Ruptura de la burbuja","Breaking the filter bubble","Ruptura de la bombolla de filtres","Ruptura da bolha","Durchbrechen der Blase","Ruptura da burbulla","Iragazki-burbuila apurtzea"
ui.topics.6.pos,"Cruzas fronteras constantemente para explorar territorios desconocidos que desafían tus vistas habituales.","You constantly cross borders to explore unfamiliar territories that challenge your usual views.","Creues fronteres constantment per explorar territoris desconeguts que desafien les teves vistes habituals.","Cruza fronteiras constantemente para explorar territórios desconhecidos que desafiam as suas vistas habituais.","Du überschreitest ständig Grenzen, um unbekannte Gebiete zu erkunden, die deine gewohnten Ansichten herausfordern.","Cruzas fronteiras constantemente para explorar territorios descoñecidos que desafían as túas vistas habituais.","Mugak etengabe zeharkatzen dituzu zure ohiko ikuspegiei erronka egiten dieten lurralde ezezagunak esploratzeko."
ui.topics.6.neg,"Prefieres quedarte en el resort conocido, explorando raramente más allá de la zona de confort que el sistema te construye.","You prefer to stay in the familiar resort, rarely exploring beyond the comfort zone the system builds for you.","Prefereixes quedar-te al resort conegut, explorant rarament més enllà de la zona de confort que el sistema et construeix.","Prefere ficar no resort conhecido, explorando raramente além da zona de conforto que o sistema lhe constrói.","Du bleibst lieber im bekannten Resort und erkundest selten über die Komfortzone hinaus, die das System für dich aufbaut.","Prefires quedar no resort coñecido, explorando raramente máis aló da zona de confort que o sistema che constrúe.","Ezaguna den erresortan geratzea nahiago duzu, sistemak eraikitzen dizun erosotasun-eremutik haratago gutxitan esploratuz."
ui.topics.7.name,"Motivación para interactuar","Motivation to interact","Motivació per interactuar","Motivação para interagir","Motivation zur Interaktion","Motivación para interactuar","Elkarreragiteko motibazioa"
ui.topics.7.pos,"Tus interacciones son postales con sentido para apoyar a quien crea, no para alimentar el radar de la agencia.","Your interactions are meaningful postcards to support creators, not to feed the agency's radar.","Les teves interaccions són postals amb sentit per donar suport a qui crea, no per alimentar el radar de l'agència.","As suas interações são postais com sentido para apoiar quem cria, não para alimentar o radar da agência.","Deine Interaktionen sind bedeutungsvolle Postkarten, um Schöpfer zu unterstützen, nicht um das Radar der Agentur zu füttern.","As túas interaccións son postais con sentido para apoiar a quen crea, non para alimentar o radar da axencia.","Zure elkarrekintzak sortzaileei laguntzeko zentzua duten postalak dira, ez agentziaren radarra elikatzeko."
ui.topics.7.neg,"Dejas un rastro de huellas por costumbre, entrenando al guía automático sin pensarlo demasiado.","You leave a trail of footprints out of habit, training the automatic guide without thinking too much.","Deixes un rastre de petjades per costum, entrenant el guia automàtic sense pensar-ho massa.","Deixa um rasto de pegadas por hábito, treinando o guia automático sem pensar muito.","Du hinterlässt aus Gewohnheit eine Spur von Fußabdrücken und trainierst den automatischen Führer, ohne viel nachzudenken.","Deixas un rastro de pegadas por costume, adestrando o guía automático sen pensalo demasiado.","Ohituraz oinatz-arrasto bat uzten duzu, gida automatikoa gehiegi pentsatu gabe entrenatuz."
ui.topics.8.name,"Desconexión y límites","Disconnection and time limits","Desconnexió i límits de temps","Desconexão e limites","Abschalten und Zeitlimits","Desconexión e límites","Deskonektatzea eta denbora-mugak"
ui.topics.8.pos,"Sabes exactamente cuándo echar el ancla y desembarcar para disfrutar de la vida más allá de las pantallas.","You know exactly when to drop anchor and disembark to enjoy life beyond the screens.","Sabs exactament quan tirar l'àncora i desembarcar per gaudir de la vida més enllà de les pantalles.","Sabe exatamente quando lançar a âncora e desembarcar para desfrutar da vida para além dos ecrãs.","Du weißt genau, wann du den Anker auswerfen und von Bord gehen musst, um das Leben jenseits der Bildschirme zu genießen.","Sabes exactamente cando botar a áncora e desembarcar para gozar da vida máis aló das pantallas.","Ezin hobeto dakizu noiz bota aingura eta noiz lehorreratu pantailetatik haratagoko bizitzaz gozatzeko."
ui.topics.8.neg,"Te atrapa la corriente infinita y te cuesta apagar el piloto automático para echar el ancla.","You get caught in the infinite current, finding it hard to turn off the autopilot to drop anchor.","T'atrapa el corrent infinit i et costa apagar el pilot automàtic per tirar l'àncora.","É apanhado pela corrente infinita e custa-lhe desligar o piloto automático para lançar a âncora.","Die unendliche Strömung fängt dich ein, und es fällt dir schwer, den Autopiloten auszuschalten, um den Anker zu werfen.","Atrápate a corrente infinita e cústache apagar o piloto automático para botar a áncora.","Korronte infinituak harrapatzen zaitu eta kostatzen zaizu pilotu automatikoa itzaltzea aingura botatzeko."
ui.topics.9.name,"Expectativas de autonomía","Autonomy expectations","Expectatives d'autonomia","Expectativas de autonomia","Autonomieerwartungen","Expectativas de autonomía","Autonomia-itxaropenak"
ui.topics.9.pos,"Ves la plataforma como un simple navío a tu servicio, manteniendo total soberanía sobre el destino final.","You see the platform as a simple vessel at your service, maintaining total sovereignty over the final destination.","Veus la plataforma com un simple navili al teu servei, mantenint total sobirania sobre la destinació final.","Vê a plataforma como um simples navio ao seu serviço, mantendo total soberania sobre o destino final.","Du betrachtest die Plattform als einfaches Schiff in deinen Diensten und behältst die volle Souveränität über das Endziel.","Ves a plataforma como un simple navío ao teu servizo, mantendo total soberanía sobre o destino final.","Plataforma zure zerbitzura dagoen itsasontzi soil bat bezala ikusten duzu, azken helmugaren gaineko subiranotasun osoa mantenduz."
ui.topics.9.neg,"Embarcas buscando entretenimiento constante, prefiriendo que el piloto automático tome todas las decisiones de navegación.","You board looking for constant entertainment, preferring that the autopilot makes all the navigation choices.","Embarques buscant entreteniment constant, preferint que el pilot automàtic prengui totes les decisions de navegació.","Embarca à procura de entretenimento constante, preferindo que o piloto automático tome todas as decisões de navegação.","Du gehst an Bord auf der Suche nach ständiger Unterhaltung und ziehst es vor, dass der Autopilot alle Navigationsentscheidungen trifft.","Embarcas buscando entretemento constante, preferindo que o piloto automático tome todas as decisións de navegación.","Etengabeko entretenimendua bilatuz ontziratzen zara, pilotu automatikoak nabigazio-erabaki guztiak har ditzan nahiago izanez."
results.profPass,"Persona Pasajera","Passenger Person","Persona Passatgera","Pessoa Passageira","Mitreisende Person","Persoa Pasaxeira","Pertsona Bidaiaria"
results.profNav,"Persona Navegante","Navigator Person","Persona Navegant","Pessoa Navegante","Navigierende Person","Persoa Navegante","Pertsona Nabigatzailea"
results.profSob,"Persona<br>Soberana","Sovereign<br>Person","Persona<br>Sobirana","Pessoa<br>Soberana","Souveräne<br>Person","Persoa<br>Soberana","Pertsona<br>Subiranoa"
results.descPass,"En tu viaje por <strong>{plataforma}</strong> prefieres contratar el paquete de ""todo incluido"" de la agencia turística algorítmica. Confías plenamente en el itinerario preestablecido, dejándote llevar por las rutas más comerciales y visitando cómodamente los lugares que la plataforma organiza para ti, sin salir de la ruta marcada.","On your journey through <strong>{plataforma}</strong> you prefer to book the ""all-inclusive"" package from the algorithmic travel agency. You fully trust the preset itinerary, letting yourself be carried along the most commercial routes and comfortably visiting the places the platform organizes for you, without leaving the marked path.","En el teu viatge per <strong>{plataforma}</strong> prefereixes contractar el paquet de ""tot inclòs"" de l'agència turística algorítmica. Confies plenament en l'itinerari preestablert, deixant-te portar per les rutes més comercials i visitant còmodament els llocs que la plataforma organitza per a tu, sense sortir de la ruta marcada.","Na sua viagem por <strong>{plataforma}</strong> prefere contratar o pacote de ""tudo incluído"" da agência turística algorítmica. Confia plenamente no itinerário preestabelecido, deixando-se levar pelas rotas mais comerciais e visitando confortavelmente os lugares que a plataforma organiza para si, sem sair da rota marcada.","Auf deiner Reise durch <strong>{plataforma}</strong> buchst du am liebsten das ""All-inclusive""-Paket des algorithmischen Reisebüros. Du vertraust voll und ganz auf den vorgegebenen Reiseplan, lässt dich auf den kommerziellsten Routen treiben und besuchst bequem die Orte, die die Plattform für dich organisiert, ohne den markierten Weg zu verlassen.","Na túa viaxe por <strong>{plataforma}</strong> prefires contratar o paquete de ""todo incluído"" da axencia turística algorítmica. Confías plenamente no itinerario preestablecido, deixándote levar polas rutas máis comerciais e visitando comodamente os lugares que a plataforma organiza para ti, sen saír da ruta marcada.","<strong>{plataforma}</strong> bidezko zure bidaian, nahiago duzu agentzia turistiko algoritmikoaren ""guztia barne"" paketea kontratatu. Diseinatutako ibilbidean konfiantza osoa duzu, ibilbide komertzialenek eraman zaitzaten utziz eta plataformak zurezat antolatzen dituen lekuak eroso bisitatuz, markatutako bidetik irten gabe."
results.descNav,"Tu paso por <strong>{plataforma}</strong> es como unirte a un ""free tour"" con una buena guía de viaje en el bolsillo. Aprovechas los circuitos organizados que te ofrece el sistema, pero a veces decides desviarte por una callejuela que te llama la atención, preguntas a la gente local y mantienes un equilibrio entre la ruta turística y tu propia curiosidad.","Your time in <strong>{plataforma}</strong> is like joining a ""free tour"" with a good travel guide in your pocket. You take advantage of the organized circuits the system offers, but sometimes you decide to detour down an alley that catches your eye, ask locals, and keep a balance between the tourist route and your own curiosity.","El teu pas per <strong>{plataforma}</strong> és com unir-te a un ""free tour"" amb una bona guia de viatge a la butxaca. Aprofites els circuits organitzats que t'ofereix el sistema, però a vegades decideixes desviar-te per un carreró que et crida l'atenció, preguntes a la gent local i mantens un equilibri entre la ruta turística i la teva pròpia curiositat.","A sua passagem por <strong>{plataforma}</strong> é como juntar-se a um ""free tour"" com um bom guia de viagem no bolso. Aproveita os circuitos organizados que o sistema oferece, mas por vezes decide desviar-se por uma ruela que lhe chama a atenção, pergunta às pessoas locais e mantém um equilíbrio entre a rota turística e a sua própria curiosidade.","Deine Zeit auf <strong>{plataforma}</strong> ist wie die Teilnahme an einer ""Free Tour"" mit einem guten Reiseführer in der Tasche. Du nutzt die vom System angebotenen organisierten Touren, entscheidest dich aber manchmal für einen Abstecher in eine Gasse, die deine Aufmerksamkeit erregt, fragst Einheimische und hältst ein Gleichgewicht zwischen der touristischen Route und deiner eigenen Neugier.","O teu paso por <strong>{plataforma}</strong> é como unirte a un ""free tour"" cunha boa guía de viaxe no peto. Aproveitas os circuítos organizados que che ofrece o sistema, pero ás veces decides desviarche por un canellón que che chama a atención, preguntas á xente local e mantés un equilibrio entre a ruta turística e a túa propia curiosidade.","Zure pasoa <strong>{plataforma}</strong> bidez bidaia-gida on bat poltsikoan duzula ""free tour"" batean parte hartzea bezalakoa da. Sistemak eskaintzen dizkizun zirkuitu antolatuez baliatzen zara, baina batzuetan arreta ematen dizun kalezulo batetik desbideratzea erabakitzen duzu, bertakoei galdetzen diezu eta ibilbide turistikoaren eta zure jakin-minaren arteko oreka mantentzen duzu."
results.descSob,"¡Tu espíritu es totalmente libre y amante de la aventura! En <strong>{plataforma}</strong> huyes de los viajes masificados y te mueves ""por libre"", trazando tu propio mapa. Buscas joyas ocultas fuera del circuito comercial, cuestionas siempre el folleto turístico que te intentan vender y, si el paisaje no te convence, haces las maletas hacia nuevos horizontes.","Your spirit is completely free and adventure-loving! In <strong>{plataforma}</strong> you flee from mass tourism and move ""on your own"", charting your own map. You look for hidden gems outside the commercial circuit, always question the tourist brochure they try to sell you, and, if the landscape doesn't convince you, you pack your bags for new horizons.","El teu esperit és totalment lliure i amant de l'aventura! A <strong>{plataforma}</strong> fuges dels viatges massificats i et mous ""per lliure"", traçant el teu propi mapa. Busques joies ocultes fora del circuit comercial, qüestiones sempre el fulletó turístic que t'intenten vendre i, si el paisatge no et convenç, fas les maletes cap a nous horitzons.","O seu espírito é totalmente livre e adora aventuras! Em <strong>{plataforma}</strong> foge das viagens massificadas e move-se de forma ""independente"", traçando o seu próprio mapa. Procura joias ocultas fora do circuito comercial, questiona sempre o folheto turístico que lhe tentam vender e, se a paisagem não convencer, faz as malas rumo a novos horizontes.","Dein Geist ist völlig frei und abenteuerlustig! Auf <strong>{plataforma}</strong> fliehst du vor Massenreisen und bist ""auf eigene Faust"" unterwegs, wobei du deine eigene Karte zeichnest. Du suchst nach versteckten Juwelen abseits der kommerziellen Routen, hinterfragst immer die Touristenbroschüre, die man dir verkaufen will, und wenn dich die Landschaft nicht überzeugt, packst du deine Koffer und machst dich auf zu neuen Horizonten.","O teu espírito é totalmente libre e amante da aventura! En <strong>{plataforma}</strong> foxes das viaxes masificadas e móveste ""por libre"", trazando o teu propio mapa. Buscas xoias ocultas fóra do circuíto comercial, cuestionas sempre o folleto turístico que che tentan vender e, se a paisaxe non che convence, fas as maletas cara a novos horizontes.","Zure espiritua guztiz librea da eta abenturazalea! <strong>{plataforma}</strong> plataforman, bidaia jendetsuetatik ihes egiten duzu eta ""zure kontura"" mugitzen zara, zure mapa propioa zehaztuz. Zirkuitu komertzialetik kanpoko altxor ezkutuak bilatzen dituzu, saldu nahi dizuten bidaia-liburuxka zalantzan jartzen duzu beti, eta paisaiak konbentzitzen ez bazaitu, maletak egiten dituzu zeruertz berrietarantz."
results.labels.0.t,"Sumisión algorítmica","Algorithmic submission","Submissió algorítmica","Submissão algorítmica","Algorithmische Unterwerfung","Submisión algorítmica","Mendekotasun algoritmikoa"
results.labels.0.s,"Viaje ""todo incluido""","""All-inclusive"" trip","Viatge ""tot inclòs""","Viagem ""tudo incluído""","""All-inclusive""-Reise","Viaxe ""todo incluído""","""Guztia barne"" bidaia"
results.labels.0.th,"Sometimiento","Submission","Sotmetiment","Submissão","Unterwerfung","Sometemento","Mendekotasuna"
results.labels.0.tt,"Aceptación acrítica de las recomendaciones automatizadas, delegando por completo la selección de contenidos al sistema en un estado de pasividad operativa.","Uncritical acceptance of automated recommendations, completely delegating content selection to the system in a state of operational passivity.","Acceptació acrítica de les recomanacions automatitzades, delegant per complet la selecció de continguts al sistema en un estat de passivitat operativa.","Aceitação acrítica das recomendações automatizadas, delegando por completo a seleção de conteúdos ao sistema num estado de passividade operativa.","Unkritische Akzeptanz automatisierter Empfehlungen, wobei die Inhaltsauswahl in einem Zustand operativer Passivität vollständig an das System delegiert wird.","Aceptación acrítica das recomendacións automatizadas, delegando por completo a selección de contidos ao sistema nun estado de pasividade operativa.","Gomendio automatizatuen onarpen akritikoa, edukien hautaketa sistemaren esku utziz erabat, pasibotasun operatiboan."
results.labels.1.t,"Aceptación selectiva","Selective acceptance","Acceptació selectiva","Aceitação seletiva","Selektive Akzeptanz","Aceptación selectiva","Onarpen selektiboa"
results.labels.1.s,"Excursiones de agencia","Agency excursions","Excursions d'agència","Excursões da agência","Ausflüge der Agentur","Excursións de axencia","Agentzia-irteerak"
results.labels.1.th,"Interacción","Interaction","Interacció","Interação","Interaktion","Interacción","Elkarrekintza"
results.labels.1.tt,"Interacción superficial que acepta las sugerencias del sistema, aplicando filtros mínimos para adaptar levemente el modelo algorítmico al perfil.","Superficial interaction that accepts system suggestions, applying minimal filters to slightly adapt the algorithmic model to the profile.","Interacció superficial que accepta els suggeriments del sistema, aplicant filtres mínims per adaptar lleument el model algorítmic al perfil.","Interação superficial que aceita as sugestões do sistema, aplicando filtros mínimos para adaptar levemente o modelo algorítmico ao perfil.","Oberflächliche Interaktion, die die Vorschläge des Systems akzeptiert, wobei minimale Filter angewendet werden, um das algorithmische Modell leicht an das Profil anzupassen.","Interacción superficial que acepta as suxestións do sistema, aplicando filtros mínimos para adaptar levemente o modelo algorítmico ao perfil.","Sistemaren iradokizunak onartzen dituen azaleko elkarrekintza, profilari algoritmo-eredua apur bat moldatzeko gutxieneko iragazkiak ezarriz."
results.labels.2.t,"Exploración guiada","Guided exploration","Exploració guiada","Exploração guiada","Geleitete Erkundung","Exploración guiada","Esplorazio gidatua"
results.labels.2.s,"Viaje con guía","Guided tour","Viatge amb guia","Viagem com guia","Reise mit Führer","Viaxe con guía","Gidatutako bidaia"
results.labels.2.th,"Resistencia","Resistance","Resistència","Resistência","Widerstand","Resistencia","Erresistentzia"
results.labels.2.tt,"Uso instrumental de las herramientas nativas de la plataforma para dirigir activamente las recomendaciones y negociar los resultados del algoritmo.","Instrumental use of native platform tools to actively direct recommendations and negotiate the algorithm's results.","Ús instrumental de les eines natives de la plataforma per dirigir activament les recomanacions i negociar els resultats de l'algorisme.","Uso instrumental das ferramentas nativas da plataforma para dirigir ativamente as recomendações e negociar os resultados do algoritmo.","Instrumentelle Nutzung nativer Plattformwerkzeuge, um Empfehlungen aktiv zu lenken und die Ergebnisse des Algorithmus zu verhandeln.","Uso instrumental das ferramentas nativas da plataforma para dirixir activamente as recomendacións e negociar os resultados do algoritmo.","Plataformako berezko tresnen erabilera instrumentala gomendioak aktiboki bideratzeko eta algoritmoaren emaitzak negoziatzeko."
results.labels.3.t,"Contraste externo","External contrast","Contrast extern","Contraste externo","Externer Kontrast","Contraste externo","Kanpoko kontrastea"
results.labels.3.s,"Consulta de mapas","Map checking","Consulta de mapes","Consulta de mapas","Karten konsultieren","Consulta de mapas","Mapen kontsulta"
results.labels.3.th,"Evasión","Evasion","Evasió","Evasão","Ausweichen","Evasión","Ihesbidea"
results.labels.3.tt,"Comprobación de la validez de las recomendaciones mediante la consulta activa de fuentes de información y referencias ajenas al ecosistema cerrado.","Verifying the validity of recommendations by actively consulting information sources and references outside the closed ecosystem.","Comprovació de la validesa de les recomanacions mitjançant la consulta activa de fonts d'informació i referències alienes a l'ecosistema tancat.","Verificação da validade das recomendações mediante a consulta ativa de fontes de informação e referências alheias ao ecossistema fechado.","Überprüfung der Gültigkeit von Empfehlungen durch aktive Konsultation von Informationsquellen und Referenzen außerhalb des geschlossenen Ökosystems.","Comprobación da validez das recomendacións mediante a consulta activa de fontes de información e referencias alleas ao ecosistema pechado.","Gomendioen baliozkotasuna egiaztatzea, ekosistema itxitik kanpoko informazio-iturriak eta erreferentziak aktiboki kontsultatuz."
results.labels.4.t,"Valoración crítica","Critical assessment","Valoració crítica","Valorização crítica","Kritische Bewertung","Valoración crítica","Balorazio kritikoa"
results.labels.4.s,"Mirada fuera de ruta","Off-route view","Mirada fora de ruta","Olhar fora da rota","Blick abseits der Route","Mirada fóra de ruta","Ibilbidetik kanpoko begirada"
results.labels.4.th,"Negociación","Negotiation","Negociació","Negociação","Verhandlung","Negociación","Negoziaketa"
results.labels.4.tt,"Reflexión analítica sobre los sesgos comerciales, ideológicos o de diseño de los sistemas de recomendación, evaluando críticamente el entorno.","Analytical reflection on the commercial, ideological, or design biases of recommendation systems, critically evaluating the environment.","Reflexió analítica sobre els biaixos comercials, ideològics o de disseny dels sistemes de recomanació, avaluant críticament l'entorn.","Reflexão analítica sobre os enviesamentos comerciais, ideológicos ou de design dos sistemas de recomendação, avaliando criticamente o ambiente.","Analytische Reflexion über die kommerziellen, ideologischen oder gestalterischen Verzerrungen von Empfehlungssystemen, wobei die Umgebung kritisch bewertet wird.","Reflexión analítica sobre os rumbos comerciais, ideolóxicos ou de deseño dos sistemas de recomendación, avaliando criticamente a contorna.","Gomendio-sistemen muga komertzial, ideologiko edo diseinu-mugen inguruko hausnarketa analitikoa, ingurunea modu kritikoan ebaluatuz."
results.labels.5.t,"Elección autónoma","Autonomous choice","Elecció autònoma","Escolha autónoma","Autonome Wahl","Elección autónoma","Hautapen autonomoa"
results.labels.5.s,"Aventura por libre","Independent adventure","Aventura per lliure","Aventura independente","Abenteuer auf eigene Faust","Aventura por libre","Abentura librean"
results.labels.5.th,"Elección consciente","Conscious choice","Elecció conscient","Escolha consciente","Bewusste Wahl","Elección consciente","Hautapen kontzientea"
results.labels.5.tt,"Ejercicio pleno de la agencia, caracterizado por la evasión de la curaduría automatizada y la búsqueda independiente de contenidos culturales.","Full exercise of agency, characterized by evasion of automated curation and the independent search for cultural content.","Exercici ple de l'agència, caracteritzat per l'evasió de la curadoria automatitzada i la recerca independent de continguts culturals.","Exercício pleno da agência, caracterizado pela evasão da curadoria automatizada e pela busca independente de conteúdos culturais.","Volle Ausübung der eigenen Handlungsmacht, gekennzeichnet durch die Vermeidung automatisierter Kuration und die unabhängige Suche nach kulturellen Inhalten.","Exercicio pleno da axencia, caracterizado pola evasión da curadoría automatizada e a busca independente de contidos culturais.","Agentziaren erabilera osoa, kurazio automatizatuari ihes egitea eta eduki kulturalen bilaketa independentea ezaugarri dituena."
results.tips.0.t,"Siguiente destino: Excursiones personalizadas","Next destination: Customized excursions","Següent destí: Excursions personalitzades","Próximo destino: Excursões personalizadas","Nächstes Ziel: Maßgeschneiderte Ausflüge","Seguinte destino: Excursións personalizadas","Hurrengo helmuga: Irteera pertsonalizatuak"
results.tips.0.p1,"Has disfrutado del viaje con todo incluido, pero es hora de empezar a elegir tus propias rutas.","You've enjoyed the all-inclusive trip, but it's time to start choosing your own routes.","Has gaudit del viatge amb tot inclòs, però és hora de començar a triar les teves pròpies rutes.","Desfrutou da viagem com tudo incluído, mas é hora de começar a escolher as suas próprias rotas.","Du hast die All-inclusive-Reise genossen, aber es ist Zeit, deine eigenen Routen zu wählen.","Gozaches da viaxe con todo incluído, pero é hora de comezar a elixir as túas propias rutas.","Gozatu duzu guztia barne bidaiarekin, baina bada garaia zure ibilbideak aukeratzen hasteko."
results.tips.0.p2,"<strong>💡 El consejo de la expedición:</strong> Usa los botones de 'Me gusta' o 'No me interesa' activamente. Obliga a la agencia turística algorítmica a escuchar tus preferencias en lugar de aceptar pasivamente su menú del día.","<strong>💡 Expedition tip:</strong> Actively use the 'Like' or 'Not interested' buttons. Force the algorithmic travel agency to listen to your preferences instead of passively accepting their daily menu.","<strong>💡 El consell de l'expedició:</strong> Utilitza els botons de 'M'agrada' o 'No m'interessa' activament. Obliga a l'agència turística algorítmica a escoltar les teves preferències en lloc d'acceptar passivament el seu menú del dia.","<strong>💡 A dica da expedição:</strong> Utilize ativamente os botões de 'Gosto' ou 'Não me interessa'. Obrigue a agência turística algorítmica a ouvir as suas preferências em vez de aceitar passivamente o seu menu do dia.","<strong>💡 Expeditionstipp:</strong> Nutze aktiv die 'Gefällt mir'- oder 'Kein Interesse'-Buttons. Zwinge das algorithmische Reisebüro, auf deine Vorlieben zu hören, anstatt passiv dessen Tagesmenü zu akzeptieren.","<strong>💡 O consello da expedición:</strong> Usa os botóns de 'Gústame' ou 'Non me interesa' activamente. Obriga á axencia turística algorítmica a escoitar as túas preferencias en lugar de aceptar pasivamente o seu menú do día.","<strong>💡 Espedizioko aholkua:</strong> Erabili 'Atsegin dut' edo 'Ez zait interesatzen' botoiak aktiboki. Behartu bidaia-agentzia algoritmikoa zure lehentasunak entzuten, haien eguneroko menua pasiboki onartu beharrean."
results.tips.1.t,"Siguiente destino: Tomar el timón","Next destination: Taking the helm","Següent destí: Agafar el timó","Próximo destino: Assumir o leme","Nächstes Ziel: Das Steuer übernehmen","Seguinte destino: Tomar o temón","Hurrengo helmuga: Lemari heltzea"
results.tips.1.p1,"Ya filtras lo que no te gusta, ¡es un gran paso! Ahora te toca tomar la iniciativa.","You already filter what you don't like, that's a big step! Now it's your turn to take the initiative.","Ja filtres el que no t'agrada, és un gran pas! Ara et toca prendre la iniciativa.","Já filtra o que não gosta, é um grande passo! Agora é a sua vez de tomar a iniciativa.","Du filterst bereits heraus, was dir nicht gefällt – ein großer Schritt! Jetzt bist du an der Reihe, die Initiative zu ergreifen.","Xa filtras o que non che gusta, é un gran paso! Agora tócache tomar a iniciativa.","Dagoeneko iragazten duzu gustatzen ez zaizuna, urrats handia da! Orain ekimena hartzea dagokizu."
results.tips.1.p2,"<strong>💡 El consejo de la expedición:</strong> En lugar de esperar a que la pantalla te ofrezca contenido, usa el buscador. Busca activamente creadores, géneros o temáticas concretas. Conviértete en la persona que guía la expedición.","<strong>💡 Expedition tip:</strong> Instead of waiting for the screen to offer you content, use the search bar. Actively look for creators, genres, or specific topics. Become the person guiding the expedition.","<strong>💡 El consell de l'expedició:</strong> En lloc d'esperar que la pantalla t'ofereixi contingut, utilitza el cercador. Busca activament creadores, gèneres o temàtiques concretes. Converteix-te en la persona que guia l'expedició.","<strong>💡 A dica da expedição:</strong> Em vez de esperar que o ecrã lhe ofereça conteúdo, use o motor de busca. Procure ativamente criadores, géneros ou temas específicos. Torne-se a pessoa que guia a expedição.","<strong>💡 Expeditionstipp:</strong> Anstatt darauf zu warten, dass der Bildschirm dir Inhalte anbietet, nutze die Suchfunktion. Suche aktiv nach Creatorn, Genres oder bestimmten Themen. Werde die Person, die die Expedition leitet.","<strong>💡 O consello da expedición:</strong> En lugar de esperar a que a pantalla che ofreza contido, usa o buscador. Busca activamente creadores, xéneros ou temáticas concretas. Convértete na persoa que guía a expedición.","<strong>💡 Espedizioko aholkua:</strong> Pantailak edukiak eskaintzeko zain egon beharrean, erabili bilatzailea. Bilatu aktiboki sortzaileak, xedeak edo gai zehatzak. Bihurtu zaitez espedizioa gidatzen duen pertsona."
results.tips.2.t,"Siguiente destino: Contrastar los mapas","Next destination: Cross-checking maps","Següent destí: Contrastar els mapes","Próximo destino: Contrastar os mapas","Nächstes Ziel: Karten vergleichen","Seguinte destino: Contrastar os mapas","Hurrengo helmuga: Mapak alderatzea"
results.tips.2.p1,"Sabes moverte por la plataforma y guiar tu ruta, pero a veces los mapas oficiales ocultan información.","You know how to navigate the platform and guide your route, but sometimes official maps hide information.","Saps moure't per la plataforma i guiar la teva ruta, però a vegades els mapes oficials oculten informació.","Sabe navegar pela plataforma e guiar a sua rota, mas por vezes os mapas oficiais ocultam informações.","Du weißt, wie du dich auf der Plattform bewegst, aber manchmal verbergen offizielle Karten Informationen.","Sabes moverte pola plataforma e guiar a túa ruta, pero ás veces os mapas oficiais ocultan información.","Badakizu plataforman mugitzen eta zure bidea bideratzen, baina batzuetan mapa ofizialek informazioa ezkutatzen dute."
results.tips.2.p2,"<strong>💡 El consejo de la expedición:</strong> Cuando la plataforma te recomiende algo con mucha insistencia, sal de la aplicación y busca opiniones en webs externas, foros o comunidades. No te quedes solo con la versión oficial de la agencia.","<strong>💡 Expedition tip:</strong> When the platform strongly recommends something, exit the app and look for opinions on external websites, forums, or communities. Don't rely solely on the agency's official version.","<strong>💡 El consell de l'expedició:</strong> Quan la plataforma et recomani una cosa amb molta insistència, surt de l'aplicació i busca opinions a webs externes, fòrums o comunitats. No et quedis només amb la versió oficial de l'agència.","<strong>💡 A dica da expedição:</strong> Quando a plataforma lhe recomendar algo com muita insistência, saia da aplicação e procure opiniões em sites externos, fóruns ou comunidades. Não fique apenas com a versão oficial da agência.","<strong>💡 Expeditionstipp:</strong> Wenn dir die Plattform etwas sehr nachdrücklich empfiehlt, verlasse die App und suche nach Meinungen auf externen Websites, in Foren oder Communities. Verlasse dich nicht nur auf die offizielle Version der Agentur.","<strong>💡 O consello da expedición:</strong> Cando a plataforma che recomende algo con moita insistencia, sal da aplicación e busca opinións en webs externas, foros ou comunidades. Non queden só coa versión oficial da axencia.","<strong>💡 Espedizioko aholkua:</strong> Plataformak zerbait oso gogor gomendatzen dizunean, irten aplikaziotik eta bilatu iritziak kanpoko webguneetan, foroetan edo komunitateetan. Ez fidatu soilik agentziaren bertsio ofizialarekin."
results.tips.3.t,"Siguiente destino: Cuestionar a la agencia","Next destination: Questioning the agency","Següent destí: Qüestionar l'agència","Próximo destino: Questionar a agência","Nächstes Ziel: Die Agentur hinterfragen","Seguinte destino: Cuestionar a axencia","Hurrengo helmuga: Agentzia zalantzan jartzea"
results.tips.3.p1,"Ya contrastas la información fuera, ahora toca afilar tu mirada crítica hacia quien organiza el viaje.","You already contrast information outside, now it's time to sharpen your critical gaze towards whoever organizes the trip.","Ja contrastes la informació fora, ara toca afilar la teva mirada crítica cap a qui organitza el viatge.","Já contrasta a informação fora, agora é hora de afiar o seu olhar crítico em relação a quem organiza a viagem.","Du vergleichst Informationen bereits extern, jetzt ist es an der Zeit, deinen kritischen Blick auf die Organisatoren der Reise zu schärfen.","Xa contrastas a información fóra, agora toca afiar a túa mirada crítica cara a quen organiza a viaxe.","Dagoeneko kanpoko informazioa alderatzen duzu, orain bidaia antolatzen duenarekiko begirada kritikoa zorrozteko unea da."
results.tips.3.p2,"<strong>💡 El consejo de la expedición:</strong> Pregúntate siempre <strong>por qué</strong> te recomiendan algo. ¿Es una campaña pagada? ¿Es contenido diseñado para retenerte horas en la pantalla? Reconocer los intereses comerciales detrás de la recomendación te hará imparable.","<strong>💡 Expedition tip:</strong> Always ask yourself <strong>why</strong> they recommend something to you. Is it a paid campaign? Is it content designed to keep you on the screen for hours? Recognizing the commercial interests behind the recommendation will make you unstoppable.","<strong>💡 El consell de l'expedició:</strong> Pregunta't sempre <strong>per què</strong> et recomanen una cosa. És una campanya pagada? És contingut dissenyat per retenir-te hores a la pantalla? Reconèixer els interessos comercials darrere de la recomanació et farà imparable.","<strong>💡 A dica da expedição:</strong> Pergunte-se sempre <strong>por que</strong> motivo lhe recomendam algo. É uma campanha paga? É conteúdo desenhado para reter a sua atenção por horas? Reconhecer os interesses comerciais por trás da recomendação tornar-lhe-á imparável.","<strong>💡 Expeditionstipp:</strong> Frage dich immer, <strong>warum</strong> man dir etwas empfiehlt. Ist es eine bezahlte Kampagne? Sollen dich die Inhalte stundenlang an den Bildschirm fesseln? Die kommerziellen Interessen hinter Empfehlungen zu erkennen, macht dich unaufhaltsam.","<strong>💡 O consello da expedición:</strong> Pregúntate sempre <strong>por que</strong> che recomendan algo. É unha campaña pagada? É contido deseñado para reterche horas na pantalla? Recoñecer os intereses comerciais detrás da recomendación farache imparable.","<strong>💡 Espedizioko aholkua:</strong> Galdetu zure buruari beti <strong>zergatik</strong> gomendatzen dizuten zerbait. Ordaindutako kanpaina bat al da? Pantailan orduak egoteko diseinatutako edukia al da? Gomendioaren atzean dauden interes komertzialak ezagutzeak geldiezin bihurtuko zaitu."
results.tips.4.t,"Siguiente destino: La aventura total","Next destination: Total adventure","Següent destí: L'aventura total","Próximo destino: A aventura total","Nächstes Ziel: Das totale Abenteuer","Seguinte destino: A aventura total","Hurrengo helmuga: Abentura osoa"
results.tips.4.p1,"Tienes una gran capacidad crítica. El último paso es la independencia total.","You have great critical capacity. The last step is total independence.","Tens una gran capacitat crítica. L'últim pas és la independència total.","Tem uma grande capacidade crítica. O último passo é a independência total.","Du hast eine große kritische Fähigkeit. Der letzte Schritt ist die völlige Unabhängigkeit.","Tes unha gran capacidade crítica. O último paso é a independencia total.","Gaitasun kritiko handia duzu. Azken urratsa independentzia osoa da."
results.tips.4.p2,"<strong>💡 El consejo de la expedición:</strong> Dedica tiempo a descubrir cultura e información completamente fuera de las grandes plataformas comerciales. Apoya espacios independientes, fanzines, blogs o catálogos alternativos. ¡Crea tus propias rutas inexploradas!","<strong>💡 Expedition tip:</strong> Spend time discovering culture and information completely outside of large commercial platforms. Support independent spaces, fanzines, blogs, or alternative catalogs. Create your own unexplored routes!","<strong>💡 El consell de l'expedició:</strong> Dedica temps a descobrir cultura i informació completament fora de les grans plataformes comercials. Dona suport a espais independents, fanzins, blocs o catàlegs alternatius. Crea les teves pròpies rutes inexplorades!","<strong>💡 A dica da expedição:</strong> Dedique tempo a descobrir cultura e informação completamente fora das grandes plataformas comerciais. Apoie espaços independentes, fanzines, blogues ou catálogos alternativos. Crie as suas próprias rotas inexploradas!","<strong>💡 Expeditionstipp:</strong> Nimm dir Zeit, Kultur und Informationen komplett abseits der großen kommerziellen Plattformen zu entdecken. Unterstütze unabhängige Räume, Fanzines, Blogs oder alternative Kataloge. Erschaffe deine eigenen unerforschten Routen!","<strong>💡 O consello da expedición:</strong> Dedica tempo a descubrir cultura e información completamente fóra das grandes plataformas comerciais. Apoia espazos independentes, fanzines, blogs ou catálogos alternativos. Crea as túas propias rutas inexploradas!","<strong>💡 Espedizioko aholkua:</strong> Eman denbora plataforma komertzial handietatik kanpo kultura eta informazioa ezagutzeko. Babestu espazio independenteak, fanzineak, blogak edo katalogo alternatiboak. Sortu zure esploratu gabeko ibilbideak!"
results.tips.5.t,"¡Eres soberanía pura!","You are pure sovereignty!","Ets sobirania pura!","É pura soberania!","Du bist reine Souveränität!","Es soberanía pura!","Subiranotasun hutsa zara!"
results.tips.5.p1,"Has alcanzado el nivel máximo de agencia en esta expedición.","You have reached the maximum level of agency in this expedition.","Has assolit el nivell màxim d'agència en aquesta expedició.","Alcançou o nível máximo de agência nesta expedição.","Du hast auf dieser Expedition die höchste Stufe der Autonomie erreicht.","Alcanzaches o nivel máximo de axencia nesta expedición.","Espedizio honetan agentzia-maila gorenera iritsi zara."
results.tips.5.p2,"<strong>💡 El consejo de la expedición:</strong> Sigue manteniendo esta gran autonomía y comparte tus descubrimientos (tus 'mapas secretos') con tu comunidad. Ayuda a otras personas a salir de sus propias rutas comerciales y enséñales a explorar con libertad.","<strong>💡 Expedition tip:</strong> Keep maintaining this great autonomy and share your discoveries (your 'secret maps') with your community. Help other people step out of their own commercial routes and teach them to explore freely.","<strong>💡 El consell de l'expedició:</strong> Continua mantenint aquesta gran autonomia i comparteix els teus descobriments (els teus 'mapes secrets') amb la teva comunitat. Ajuda altres persones a sortir de les seves pròpies rutes comercials i ensenya'ls a explorar amb llibertat.","<strong>💡 A dica da expedição:</strong> Continue a manter esta grande autonomia e partilhe as suas descobertas (os seus 'mapas secretos') com a sua comunidade. Ajude outras pessoas a sair das suas próprias rotas comerciais e ensine-as a explorar com liberdade.","<strong>💡 Expeditionstipp:</strong> Erhalte dir diese große Autonomie und teile deine Entdeckungen (deine 'geheimen Karten') mit deiner Community. Hilf anderen, ihre eigenen kommerziellen Routen zu verlassen, und zeige ihnen, wie man frei auf Entdeckungsreise geht.","<strong>💡 O consello da expedición:</strong> Segue mantendo esta gran autonomía e comparte os teus descubrimentos (os teus 'mapas secretos') coa túa comunidade. Axuda a outras persoas a saír das súas propias rutas comerciais e ensínalle a explorar con liberdade.","<strong>💡 Espedizioko aholkua:</strong> Jarraitu autonomia handi horri eusten eta partekatu zure aurkikuntzak (zure 'mapa sekretuak') zure komunitatearekin. Lagundu beste pertsona batzuei beren ibilbide komertzialetatik irten eta erakutsi iezaiezu modu librean esploratzen."
socialQuestions.0.text,"Al abrir {plataforma} sin un objetivo claro, ¿qué sueles hacer?","When opening {plataforma} without a clear goal, what do you usually do?","A l'obrir {plataforma} sense un objectiu clar, què sols fer?","Ao abrir o {plataforma} sem um objetivo claro, o que costuma fazer?","Wenn du {plataforma} ohne ein klares Ziel öffnest, was tust du normalerweise?","Ao abrir {plataforma} sen un obxectivo claro, que adoitas facer?","Helburu argirik gabe {plataforma} irekitzean, zer egin ohi duzu?"
socialQuestions.0.options.0.text,"Ver lo primero que aparece en mi pantalla principal o feed.","Watch the first thing that appears on my main screen or feed.","Veure el primer que apareix a la meva pantalla principal o feed.","Ver o primeiro que aparece no ecrã principal ou no feed.","Ich schaue mir das Erste an, was auf meinem Hauptbildschirm oder Feed erscheint.","Ver o primeiro que aparece na miña pantalla principal ou feed.","Nire pantaila nagusian edo feed-ean agertzen den lehenengo gauza ikusi."
socialQuestions.0.options.1.text,"Deslizar y dar 'me gusta' a lo que me atrae para que el algoritmo aprenda.","Scroll and 'like' what appeals to me so the algorithm learns.","Lliscar i fer 'm'agrada' al que m'atreu perquè l'algorisme aprengui.","Deslizar e dar 'gosto' ao que me atrai para que o algoritmo aprenda.","Ich scrolle und 'like' das, was mich anspricht, damit der Algorithmus lernt.","Esvarar e darlle 'gústame' ao que me atrae para que o algoritmo aprenda.","Scroll egin eta gustuko dudanari 'atsegin dut' eman, algoritmoak ikas dezan."
socialQuestions.0.options.2.text,"Usar el buscador o etiquetas (hashtags) para encontrar algo específico.","Use the search bar or tags (hashtags) to find something specific.","Utilitzar el cercador o etiquetes (hashtags) per trobar alguna cosa específica.","Usar o motor de busca ou etiquetas (hashtags) para encontrar algo específico.","Ich benutze die Suche oder Tags (Hashtags), um etwas Bestimmtes zu finden.","Usar o buscador ou etiquetas (hashtags) para atopar algo específico.","Bilatzailea edo etiketak (hashtag-ak) erabili zerbait zehatza bilatzeko."
socialQuestions.0.options.3.text,"Ir directamente a perfiles o canales que mi comunidad me ha recomendado.","Go straight to profiles or channels my community has recommended.","Anar directament a perfils o canals que la meva comunitat m'ha recomanat.","Ir diretamente a perfis ou canais que a minha comunidade me recomendou.","Ich gehe direkt zu Profilen oder Kanälen, die meine Community mir empfohlen hat.","Ir directamente a perfís ou canles que a miña comunidade me recomendou.","Nire komunitateak gomendatutako profil edo kanaletara joan zuzenean."
socialQuestions.1.text,"¿Cómo decides si una publicación o vídeo en {plataforma} vale la pena?","How do you decide if a post or video on {plataforma} is worth it?","Com decideixes si una publicació o vídeo a {plataforma} val la pena?","Como decide se uma publicação ou vídeo no {plataforma} vale a pena?","Wie entscheidest du, ob sich ein Beitrag oder Video auf {plataforma} lohnt?","Como decides se unha publicación ou vídeo en {plataforma} paga a pena?","Nola erabakitzen duzu {plataforma} plataformako argitalpen edo bideo batek merezi duen?"
socialQuestions.1.options.0.text,"Dejo que se reproduzca; confío ciegamente en el algoritmo.","I just let it play; I blindly trust the algorithm.","Deixo que es reprodueixi; confio cegament en l'algorisme.","Deixo reproduzir; confio cegamente no algoritmo.","Ich lasse es einfach abspielen; ich vertraue dem Algorithmus blind.","Deixo que se reproduza; confío cegamente no algoritmo.","Erreproduzitzen uzten dut; algoritmoan itsu-itsuan konfiantza dut."
socialQuestions.1.options.1.text,"Valoro si se parece a otras cosas que ya he consumido en este espacio.","I consider if it's similar to other things I've already consumed here.","Valoro si s'assembla a altres coses que ja he consumit en aquest espai.","Avalio se é parecido com outras coisas que já consumi neste espaço.","Ich bewerte, ob es Dingen ähnelt, die ich hier bereits konsumiert habe.","Valoro se se parece a outras cousas que xa consumín neste espazo.","Espazio honetan jada kontsumitu ditudan beste gauza batzuen antzekoa den baloratzen dut."
socialQuestions.1.options.2.text,"Salgo de la app para buscar más información en otras fuentes.","I leave the app to look for more information from other sources.","Surto de l'app per buscar més informació en altres fonts.","Saio da app para procurar mais informações noutras fontes.","Ich verlasse die App, um in anderen Quellen nach weiteren Informationen zu suchen.","Saio da app para buscar máis información noutras fontes.","Aplikaziotik irteten naiz beste iturri batzuetan informazio gehiago bilatzeko."
socialQuestions.1.options.3.text,"Analizo por qué me lo recomiendan y si existen sesgos comerciales o de viralidad.","I analyze why it's being recommended to me and if there are commercial or viral biases.","Analitzo per què m'ho recomanen i si existeixen biaixos comercials o de viralitat.","Analiso por que motivo mo recomendam e se existem enviesamentos comerciais ou de viralidade.","Ich analysiere, warum es mir empfohlen wird und ob es kommerzielle oder virale Voreingenommenheiten gibt.","Analizo por que mo recomendan e se existen rumbos comerciais ou de viralidade.","Niri zergatik gomendatzen didaten eta promozio edo bidezkotasun-alborapenik dagoen analizatzen dut."
socialQuestions.2.text,"¿Qué haces cuando el sistema de {plataforma} te muestra contenidos sesgados o que no te gustan?","What do you do when {plataforma}'s system shows biased content or things you don't like?","Què fas quan el sistema de {plataforma} et mostra continguts esbiaixats o que no t'agraden?","O que faz quando o sistema do {plataforma} lhe mostra conteúdos enviesados ou de que não gosta?","Was machst du, wenn das System von {plataforma} dir voreingenommene Inhalte oder Dinge anzeigt, die dir nicht gefallen?","Que fas cando o sistema de {plataforma} che mostra contidos nesgados ou que non che gustan?","Zer egiten duzu {plataforma} plataformak alboratutako edukiak edo gustuko ez dituzun gauzak erakusten dizkizunean?"
socialQuestions.2.options.0.text,"Sigo consumiendo el contenido pasivamente y deslizo rápido.","I keep consuming the content passively and scroll quickly.","Continuo consumint el contingut passivament i llisco ràpid.","Continuo a consumir o conteúdo passivamente e deslizo rápido.","Ich konsumiere die Inhalte weiterhin passiv und scrolle schnell weiter.","Sigo consumindo o contido pasivamente e esvaro rápido.","Edukia pasiboki kontsumitzen jarraitzen dut eta azkar pasatzen dut."
socialQuestions.2.options.1.text,"Uso la opción de 'no me interesa' para tratar de educar al sistema.","I use the 'not interested' option to try and educate the system.","Utilitzo l'opció de 'no m'interessa' per intentar educar el sistema.","Uso a opção de 'não me interessa' para tentar educar o sistema.","Ich benutze die Option 'Kein Interesse', um zu versuchen, das System zu erziehen.","Uso a opción de 'non me interesa' para tentar educar o sistema.","'Ez zait interesatzen' aukera erabiltzen dut sistema hezten saiatzeko."
socialQuestions.2.options.2.text,"Reflexiono sobre los sesgos de la plataforma y su impacto social.","I reflect on the platform's biases and their social impact.","Reflexiono sobre els biaixos de la plataforma i el seu impacte social.","Reflito sobre os enviesamentos da plataforma e o seu impacto social.","Ich denke über die Voreingenommenheit der Plattform und deren soziale Auswirkungen nach.","Reflexiono sobre os rumbos da plataforma e o seu impacto social.","Plataformaren alborapenei eta haien eragin sozialari buruzko hausnarketa egiten dut."
socialQuestions.2.options.3.text,"Dejo de usar la aplicación y busco espacios informativos más diversos.","I stop using the app and look for more diverse informational spaces.","Deixo d'utilitzar l'aplicació i busco espais informatius més diversos.","Deixo de usar a aplicação e procuro espaços informativos mais diversos.","Ich höre auf, die Anwendung zu nutzen und suche nach vielfältigeren Informationsräumen.","Deixo de usar a aplicación e busco espazos informativos máis diversos.","Aplikazioa erabiltzeari uzten diot eta informazio-espazio anitzagoak bilatzen ditut."
socialQuestions.3.text,"¿Hasta qué punto consideras que controlas lo que consumes en {plataforma}?","To what extent do you feel you control what you consume on {plataforma}?","Fins a quin punt consideres que controles el que consumeixes a {plataforma}?","Até que ponto considera que controla o que consome no {plataforma}?","Inwiefern hast du das Gefühl, zu kontrollieren, was du auf {plataforma} konsumierst?","Ata que punto consideras que controlas o que consomes en {plataforma}?","{plataforma} plataforman kontsumitzen duzuna kontrolatzen duzun neurria zein da?"
socialQuestions.3.options.0.text,"Nada, la plataforma decide el flujo y me resulta cómodo.","Not at all, the platform decides the flow and I find it comfortable.","Gens, la plataforma decideix el flux i em resulta còmode.","Nada, a plataforma decide o fluxo e é confortável para mim.","Gar nicht, die Plattform bestimmt den Fluss und ich finde das bequem.","Nada, a plataforma decide o fluxo e resúltame cómodo.","Inondik inora ere ez, plataformak erabakitzen du fluxua eta erosoa zait."
socialQuestions.3.options.1.text,"Algo, porque moldeo mi perfil mediante mis interacciones diarias.","Somewhat, because I shape my profile through daily interactions.","Una mica, perquè modelo el meu perfil mitjançant les meves interaccions diàries.","Um pouco, porque moldo o meu perfil através das minhas interações diárias.","Ein wenig, weil ich mein Profil durch meine täglichen Interaktionen forme.","Algo, porque modelo o meu perfil mediante as miñas interaccións diarias.","Zerbait, nire profila eguneroko elkarrekintzen bidez moldatzen dudalako."
socialQuestions.3.options.2.text,"Bastante, porque entro con propósitos claros de búsqueda.","Quite a lot, because I log in with clear search purposes.","Bastant, perquè entro amb propòsits clars de cerca.","Bastante, porque entro com propósitos claros de pesquisa.","Ziemlich viel, weil ich mit klaren Suchabsichten einsteige.","Bastante, porque entro con propósitos claros de busca.","Nahiko, bilaketa-helburu argiekin sartzen naizelako."
socialQuestions.3.options.3.text,"Total, soy consciente de cuándo entrar y evito su sistema automatizado.","Totally, I'm aware of when to log in and I avoid its automated system.","Totalment, soc conscient de quan entrar i evito el seu sistema automatitzat.","Totalmente, tenho consciência de quando entrar e evito o seu sistema automatizado.","Vollkommen, ich bin mir bewusst, wann ich einsteige, und meide das automatisierte System.","Total, son consciente de cando entrar e evito o seu sistema automatizado.","Guztiz, badakit noiz sartu eta haren sistema automatizatua saihesten dut."
socialQuestions.4.text,"Si quieres descubrir nuevas cuentas o tendencias en {plataforma}, ¿cómo lo haces?","If you want to discover new accounts or trends on {plataforma}, how do you do it?","Si vols descobrir nous comptes o tendències a {plataforma}, com ho fas?","Se quiser descobrir novas contas ou tendências no {plataforma}, como o faz?","Wenn du neue Accounts oder Trends auf {plataforma} entdecken möchtest, wie gehst du vor?","Se queres descubrir novas contas ou tendencias en {plataforma}, como o fas?","Kontu berriak edo joerak ezagutu nahi badituzu {plataforma} plataforman, nola egiten duzu?"
socialQuestions.4.options.0.text,"Dejo que la sección de sugerencias o 'Para ti' me guíe.","I let the suggestions or 'For You' section guide me.","Deixo que la secció de suggeriments o 'Per a tu' em guiï.","Deixo que a secção de sugestões ou 'Para ti' me guie.","Ich lasse mich von den Vorschlägen oder der 'Für dich'-Sektion leiten.","Deixo que a sección de suxestións ou 'Para ti' me guíe.","Iradokizun edo 'Zuretzat' atalak gidatzen nau."
socialQuestions.4.options.1.text,"Reviso listas, canales recomendados o etiquetas de mis gustos.","I check lists, recommended channels, or tags of my interests.","Reviso llistes, canals recomanats o etiquetes dels meus gustos.","Reviso listas, canais recomendados ou etiquetas dos meus interesses.","Ich schaue mir Listen, empfohlene Kanäle oder Tags meiner Interessen an.","Reviso listas, canles recomendadas ou etiquetas dos meus gustos.","Nire gustuko zerrendak, gomendatutako kanalak edo etiketak aztertzen ditut."
socialQuestions.4.options.2.text,"Pregunto a amistades o consulto medios fuera de la red.","I ask friends or consult media outside the network.","Pregunto a amistats o consulto mitjans fora de la xarxa.","Pergunto a amizades ou consulto media fora da rede.","Ich frage Freunde oder konsultiere Medien außerhalb des Netzwerks.","Pregunto a amizades ou consulto medios fóra da rede.","Lagunei galdetzen diet edo saretik kanpoko baliabideak kontsultatzen ditut."
socialQuestions.4.options.3.text,"Investigo de forma independiente, fuera de las tendencias dominantes.","I research independently, outside the dominant trends.","Investigo de forma independent, fora de les tendències dominants.","Investigo de forma independente, fora das tendências dominantes.","Ich recherchiere unabhängig, abseits der dominierenden Trends.","Investigo de forma independente, fóra das tendencias dominantes.","Modu independentean ikertzen dut, joera nagusietatik kanpo."
socialQuestions.5.text,"¿Qué opinión te merecen los contenidos 'Virales' o 'Tendencias' de {plataforma}?","What is your opinion on 'Viral' or 'Trending' content on {plataforma}?","Quina opinió et mereixen els continguts 'Virals' o 'Tendències' de {plataforma}?","Que opinião tem sobre os conteúdos 'Virais' ou 'Tendências' do {plataforma}?","Was hältst du von 'viralen' Inhalten oder 'Trends' auf {plataforma}?","Que opinión che merecen os contidos 'Virais' ou 'Tendencias' de {plataforma}?","Zer iritzi duzu {plataforma} plataformako eduki 'Biralen' edo 'Joeren' inguruan?"
socialQuestions.5.options.0.text,"Son mi guía principal para estar al día de lo que ocurre.","They are my main guide to stay up to date with what's happening.","Són la meva guia principal per estar al dia del que passa.","São o meu guia principal para estar a par do que acontece.","Sie sind mein Hauptleitfaden, um auf dem Laufenden zu bleiben.","Son a miña guía principal para estar ao día do que ocorre.","Gertatzen denaren berri izateko nire gida nagusia dira."
socialQuestions.5.options.1.text,"Los miro si encajan casualmente con lo que suelo ver.","I look at them if they happen to fit what I usually watch.","Els miro si encaixen casualment amb el que solc veure.","Vejo-os se, por acaso, coincidirem com o que costumo ver.","Ich schaue sie mir an, wenn sie zufällig zu dem passen, was ich normalerweise sehe.","Miroos se encaixan casualment co que adoito ver.","Begiratzen ditut nire ohiko gustuekin kasualitatez bat egiten badute."
socialQuestions.5.options.2.text,"Los tomo como referencia inicial, pero formo mi propia opinión fuera.","I take them as an initial reference, but form my own opinion outside.","Els prenc com a referència inicial, però formo la meva pròpia opinió fora.","Uso-os como referência inicial, mas formo a minha própria opinião fora dali.","Ich nehme sie als anfängliche Referenz, bilde mir aber außerhalb meine eigene Meinung.","Tómoos como referencia inicial, pero formo a miña propia opinión fóra.","Hasierako erreferentzia gisa hartzen ditut, baina nire iritzia kanpoan eraikitzen dut."
socialQuestions.5.options.3.text,"Los evito porque suelen ser fruto de intereses promocionales.","I avoid them because they are usually the result of promotional interests.","Els evito perquè solen ser fruit d'interessos promocionals.","Evito-os porque costumam ser fruto de interesses promocionais.","Ich meide sie, weil sie oft das Ergebnis werblicher Interessen sind.","Evítoos porque adoitan ser froito de intereses promocionais.","Saihestu egiten ditut, interes sustatzaileen ondorio izan ohi direlako."
socialQuestions.6.text,"¿Con qué frecuencia buscas contenido que rompa con tu 'burbuja' o preferencias habituales en {plataforma}?","How often do you search for content that breaks your 'bubble' or usual preferences on {plataforma}?","Amb quina freqüència busques contingut que trenqui amb la teva 'bombolla' o preferències habituals a {plataforma}?","Com que frequência procura conteúdos que rompam a sua 'bolha' ou preferências habituais no {plataforma}?","Wie oft suchst du auf {plataforma} nach Inhalten, die deine 'Blase' oder gewohnten Vorlieben durchbrechen?","Con que frecuencia buscas contido que rompa coa túa 'burbulla' ou preferencias habituais en {plataforma}?","Zenbat bider bilatzen duzu zure 'burbuila' edo ohiko lehentasunak hautsi ditzakeen edukia {plataforma} plataforman?"
socialQuestions.6.options.0.text,"Nunca, sigo el flujo constante que me da la plataforma.","Never, I follow the constant flow the platform gives me.","Mai, segueixo el flux constant que em dóna la plataforma.","Nunca, sigo o fluxo constante que a plataforma me dá.","Nie, ich folge dem stetigen Fluss, den die Plattform mir gibt.","Nunca, sigo o fluxo constante que me dá a plataforma.","Inoiz ez, plataformak ematen didan etengabeko fluxuari jarraitzen diot."
socialQuestions.6.options.1.text,"Raramente, me resulta más cómodo mi entorno familiar de intereses.","Rarely, I find my familiar environment of interests more comfortable.","Rarament, em resulta més còmode el meu entorn familiar d'interessos.","Raramente, considero o meu ambiente familiar de interesses mais confortável.","Selten, ich finde mein vertrautes Interessenumfeld bequemer.","Raramente, resúltame máis cómoda a miña contorna familiar de intereses.","Gutxitan, nire interesen ingurune ezaguna erosoagoa zait."
socialQuestions.6.options.2.text,"Frecuentemente, busco de forma activa temáticas distintas usando el buscador.","Frequently, I actively search for different topics using the search bar.","Freqüentment, busco de forma activa temàtiques diferents utilitzant el cercador.","Frequentemente, procuro de forma ativa temas diferentes usando a pesquisa.","Häufig, ich suche aktiv mit der Suchfunktion nach anderen Themen.","Frecuentemente, busco de forma activa temáticas distintas usando o buscador.","Maiz, bilatzailea erabiliz gai desberdinak aktiboki bilatzen ditudalako."
socialQuestions.6.options.3.text,"Siempre, hago búsquedas sistemáticas para mantener una visión plural.","Always, I conduct systematic searches to maintain a pluralistic view.","Sempre, faig cerques sistemàtiques per mantenir una visió plural.","Sempre, faço pesquisas sistemáticas para manter uma visão plural.","Immer, ich führe systematische Suchen durch, um eine plurale Sichtweise zu bewahren.","Sempre, fago buscas sistemáticas para manter unha visión plural.","Beti, bilaketa sistematikoak egiten ditut ikuspegi plural bati eusteko."
socialQuestions.7.text,"Al interactuar (guardar, compartir, comentar) en {plataforma}, ¿cuál es tu motivación principal?","When interacting (saving, sharing, commenting) on {plataforma}, what is your main motivation?","A l'interactuar (guardar, compartir, comentar) a {plataforma}, quina és la teva motivació principal?","Ao interagir (guardar, partilhar, comentar) no {plataforma}, qual é a sua principal motivação?","Wenn du auf {plataforma} interagierst (speichern, teilen, kommentieren), was ist deine Hauptmotivation?","Ao interactuar (gardar, compartir, comentar) en {plataforma}, cal é a túa motivación principal?","{plataforma} plataforman elkarreragitean (gorde, partekatu, iruzkindu), zein da zure motibazio nagusia?"
socialQuestions.7.options.0.text,"Lo hago por inercia, sin pensarlo mucho.","I do it out of habit, without thinking much about it.","Ho faig per inèrcia, sense pensar-ho gaire.","Faço-o por inércia, sem pensar muito no assunto.","Ich tue es aus Gewohnheit, ohne viel darüber nachzudenken.","Fágoo por inercia, sen pensalo moito.","Inertziaz egiten dut, askorik pentsatu gabe."
socialQuestions.7.options.1.text,"Para que la interfaz me siga mostrando publicaciones similares.","So that the interface keeps showing me similar posts.","Perquè la interfície em continuï mostrant publicacions similars.","Para que a interface me continue a mostrar publicações semelhantes.","Damit mir die Benutzeroberfläche weiterhin ähnliche Beiträge anzeigt.","Para que a interface me siga mostrando publicacións similares.","Interfazeak antzeko argitalpenak erakusten jarrai diezadan."
socialQuestions.7.options.2.text,"Intento no interactuar demasiado para proteger mis datos personales.","I try not to interact too much to protect my personal data.","Intento no interactuar massa per protegir les meves dades personals.","Tento não interagir muito para proteger os meus dados pessoais.","Ich versuche, nicht zu viel zu interagieren, um meine persönlichen Daten zu schützen.","Tento non interactuar demasiado para protexer os meus datos persoais.","Asko ez elkarreragiten saiatzen naiz nire datu pertsonalak babesteko."
socialQuestions.7.options.3.text,"Para dar apoyo genuino a quien crea contenido, sin importar el algoritmo.","To genuinely support content creators, regardless of the algorithm.","Per donar suport genuí a qui crea contingut, sense importar l'algorisme.","Para dar apoio genuíno a quem cria o conteúdo, independentemente do algoritmo.","Um Inhaltsersteller aufrichtig zu unterstützen, unabhängig vom Algorithmus.","Para dar apoio xenuíno a quen crea contido, sen importar o algoritmo.","Sortzaileei zintzotasunez laguntzeko elkarreragiten duzu, ez makina entrenatzeko."
socialQuestions.8.text,"Si pasas demasiado tiempo haciendo 'scroll' infinito en {plataforma}, ¿cómo reaccionas?","If you spend too much time 'doomscrolling' on {plataforma}, how do you react?","Si passes massa temps fent 'scroll' infinit a {plataforma}, com reacciones?","Se passar muito tempo a fazer 'scroll' infinito no {plataforma}, como reage?","Wenn du zu viel Zeit mit endlosem 'Scrollen' auf {plataforma} verbringst, wie reagierst du?","Se pasas demasiado tempo facendo 'scroll' infinito en {plataforma}, como reaccionas?","{plataforma} plataforman scroll infinitua egiten denbora gehiegi pasatzen baduzu, nola erreakzionatzen duzu?"
socialQuestions.8.options.0.text,"Sigo mirando, me cuesta salir del piloto automático.","I keep watching, I find it hard to get out of autopilot.","Continuo mirant, em costa sortir del pilot automàtic.","Continuo a ver, custa-me sair do piloto automático.","Ich schaue weiter, es fällt mir schwer, den Autopiloten zu verlassen.","Sigo mirando, cústame saír do piloto automático.","Ikusten jarraitzen dut, autopilotutik ateratzea kostatzen zait."
socialQuestions.8.options.1.text,"Intento centrarme y buscar alguna temática más concreta y útil.","I try to focus and find a more specific and useful topic.","Intento centrar-me i buscar alguna temàtica més concreta i útil.","Tento focar-me e procurar algum tema mais concreto e útil.","Ich versuche mich zu konzentrieren und ein konkreteres und nützlicheres Thema zu finden.","Tento centrarme e buscar algunha temática máis concreta e útil.","Zentratzen saiatzen naiz eta gai zehatzago eta erabilgarriago bat bilatzen dut."
socialQuestions.8.options.2.text,"Salgo para contrastar en internet algo interesante que he visto.","I exit to cross-check something interesting I saw on the internet.","Surto per contrastar a internet alguna cosa interessant que he vist.","Saio para verificar na internet algo interessante que vi.","Ich gehe raus, um etwas Interessantes, das ich gesehen habe, im Internet abzugleichen.","Saio para contrastar na internet algo interesante que vin.","Irten egiten naiz interneten ikusi dudan zerbait interesgarria alderatzeko."
socialQuestions.8.options.3.text,"Me desconecto intencionadamente para realizar actividades fuera de las pantallas.","I intentionally disconnect to do activities away from screens.","Em desconnecto intencionadament per fer activitats fora de les pantalles.","Desconecto-me intencionalmente para realizar atividades fora dos ecrãs.","Ich logge mich absichtlich aus, um Aktivitäten abseits von Bildschirmen nachzugehen.","Desconéctome intencionadamente para realizar actividades fóra das pantallas.","Nahi gabe deskonektatzen naiz pantailatik urrun jarduerak egiteko."
socialQuestions.9.text,"¿Cómo describirías tu relación ideal con {plataforma}?","How would you describe your ideal relationship with {plataforma}?","Com descriuries la teva relació ideal amb {plataforma}?","Como descreveria a sua relação ideal com o {plataforma}?","Wie würdest du deine ideale Beziehung zu {plataforma} beschreiben?","Como describirías a túa relación ideal con {plataforma}?","Nola deskribatuko zenuke zure harreman ideala {plataforma} plataformarekin?"
socialQuestions.9.options.0.text,"Que me ofrezca entretenimiento constante sin requerir esfuerzo por mi parte.","That it offers constant entertainment without requiring effort from me.","Que m'ofereixi entreteniment constant sense requerir esforç per part meva.","Que me ofereça entretenimento constante sem exigir esforço da minha parte.","Dass es mir ständige Unterhaltung bietet, ohne dass ich mich anstrengen muss.","Que me ofreza entretemento constante sen requirir esforzo pola miña banda.","Nire aldetik ahaleginik eskatu gabe etengabeko entretenimendua eskaintzea."
socialQuestions.9.options.1.text,"Que me permita adaptar mi espacio mediante mis clics y 'me gusta' diarios.","That it lets me adapt my space through my daily clicks and 'likes'.","Que em permeti adaptar el meu espai mitjançant els meus clics i 'm'agrada' diaris.","Que me permita adaptar o meu espaço mediante os meus cliques e 'gostos' diários.","Dass es mir erlaubt, meinen Raum durch meine täglichen Klicks und 'Likes' anzupassen.","Que me permita adaptar o meu espazo mediante os meus clics e 'gústame' diarios.","Nire espazioa eguneroko kliken eta 'atsegin duten' bidez moldatzen uztea."
socialQuestions.9.options.2.text,"Que sea una herramienta de búsqueda donde yo tomo la iniciativa.","That it acts as a search tool where I take the initiative.","Que sigui una eina de cerca on jo prenc la iniciativa.","Que seja uma ferramenta de pesquisa onde eu tomo a iniciativa.","Dass es ein Suchwerkzeug ist, bei dem ich die Initiative ergreife.","Que sexa unha ferramenta de busca onde eu tomo a iniciativa.","Ekimen aktiboa hartzen dudan bilaketa-tresna izatea."
socialQuestions.9.options.3.text,"Que sea un recurso puntual, manteniendo yo el control soberano de mi tiempo.","That it's just an occasional resource, keeping sovereign control of my time.","Que sigui un recurs puntual, mantenint jo el control sobirà del meu temps.","Que seja um recurso pontual, mantendo eu o controlo soberano do meu tempo.","Dass es nur eine punktuelle Ressource ist, während ich souverän über meine Zeit bestimme.","Que sexa un recurso puntual, mantendo eu o control soberano do meu tempo.","Noizbehinkako baliabide bat izatea, nire denboraren kontrol subiranoari eutsiz."
streamingQuestions.0.text,"Al abrir {plataforma} sin saber qué elegir, ¿qué sueles hacer?","When opening {plataforma} without knowing what to pick, what do you usually do?","A l'obrir {plataforma} sense saber què triar, què sols fer?","Ao abrir o {plataforma} sem saber o que escolher, o que costuma fazer?","Wenn du {plataforma} öffnest, ohne zu wissen, was du wählen sollst, was tust du normalerweise?","Ao abrir {plataforma} sen saber que elixir, que adoitas facer?","Zer aukeratu argi izan gabe {plataforma} irekitzean, zer egin ohi duzu?"
streamingQuestions.0.options.0.text,"Poner la primera recomendación destacada o de reproducción automática.","Play the first featured recommendation or autoplay.","Posar la primera recomanació destacada o de reproducció automàtica.","Coloco a primeira recomendação destacada ou a reprodução automática.","Ich spiele die erste hervorgehobene Empfehlung ab oder nutze Autoplay.","Pór a primeira recomendación destacada ou de reprodución automática.","Gomendatutako lehenengo gauza edo erreprodukzio automatikoa jarri."
streamingQuestions.0.options.1.text,"Navegar por las filas de 'Porque viste...' o categorías similares.","Browse through the 'Because you watched...' rows or similar categories.","Navegar per les files de 'Perquè vas veure...' o categories similars.","Navego pelas filas de 'Porque viu...' ou categorias semelhantes.","Ich navigiere durch die Reihen 'Weil du ... gesehen hast' oder ähnliche Kategorien.","Navegar polas filas de 'Porque viches...' ou categorías similares.","'Zuk ikusi duzulako...' edo antzeko kategorietan nabigatu."
streamingQuestions.0.options.2.text,"Usar el buscador para encontrar un título, artista o género concreto.","Use the search bar to find a specific title, artist, or genre.","Utilitzar el cercador per trobar un títol, artista o gènere concret.","Uso a pesquisa para encontrar um título, artista ou género específico.","Ich benutze die Suchfunktion, um einen bestimmten Titel, Künstler oder ein Genre zu finden.","Usar o buscador para atopar un título, artista ou xénero concreto.","Bilatzailea erabili titulu, artista edo genero zehatz bat bilatzeko."
streamingQuestions.0.options.3.text,"Buscar una obra que mis amistades o la crítica me han recomendado previamente.","Look for a work that my friends or critics have previously recommended to me.","Buscar una obra que les meves amistats o la crítica m'han recomanat prèviament.","Procuro uma obra que as minhas amizades ou a crítica me recomendaram previamente.","Ich suche nach einem Werk, das mir von Freunden oder Kritikern zuvor empfohlen wurde.","Buscar unha obra que as miñas amizades ou a crítica me recomendaron previamente.","Nire lagunek edo kritikariek aurretik gomendatutako lan bat bilatu."
streamingQuestions.1.text,"¿Cómo decides si un contenido sugerido por {plataforma} merece tu tiempo?","How do you decide if a piece of content suggested by {plataforma} is worth your time?","Com decideixes si un contingut suggerit per {plataforma} mereix el teu temps?","Como decide se um conteúdo sugerido pelo {plataforma} merece o seu tempo?","Wie entscheidest du, ob ein von {plataforma} empfohlener Inhalt deine Zeit wert ist?","Como decides se un contido suxerido por {plataforma} merece o teu tempo?","Nola erabakitzen duzu {plataforma} plataformak iradokitako eduki batek zure denbora merezi duela?"
streamingQuestions.1.options.0.text,"Empiezo a verlo o escucharlo directamente sin dudar.","I just start watching or listening to it directly without hesitation.","Començo a veure'l o escoltar-lo directament sense dubtar.","Começo a ver ou ouvir diretamente sem hesitar.","Ich fange einfach direkt und ohne zu zögern an, es zu schauen oder zu hören.","Comezo a velo ou escoitalo directamente sen dubidar.","Zuzenean ikusten edo entzuten hasten naiz inolako zalantzarik gabe."
streamingQuestions.1.options.1.text,"Me fijo en el porcentaje de affinity o si se parece a mi historial.","I look at the affinity percentage or if it's similar to my history.","Em fixo en el percentatge d'afinitat o si s'assembla al meu historial.","Fixo-me na percentagem de afinidade ou se é parecido com o meu histórico.","Ich achte auf den Übereinstimmungsprozentsatz oder ob es meinem Verlauf ähnelt.","Fíxome na porcentaxe de afinidade ou se se parece ao meu historial.","Afinitate ehunekoari edo nire historiarekiko antzekotasunari begiratzen diot."
streamingQuestions.1.options.2.text,"Busco críticas o puntuaciones en webs externas (ej. FilmAffinity, IMDB).","I look for reviews or scores on external websites (e.g., IMDB).","Busco crítiques o puntuacions a webs externes (ex. FilmAffinity, IMDB).","Procuro críticas ou pontuações em sites externos (ex. FilmAffinity, IMDB).","Ich suche nach Kritiken oder Bewertungen auf externen Websites (z.B. IMDb).","Busco críticas ou puntuacións en webs externas (ex. FilmAffinity, IMDB).","Kanpoko webguneetan kritika edo puntuazioak bilatzen ditut (adibidez, FilmAffinity, IMDB)."
streamingQuestions.1.options.3.text,"Me pregunto si es una promoción de la propia plataforma antes de elegir.","I wonder if it's a promotion from the platform itself before choosing.","Em pregunto si és una promoció de la pròpia plataforma abans de triar.","Pergunto-me se é uma promoção da própria plataforma antes de escolher.","Ich frage mich, ob es eine Eigenwerbung der Plattform ist, bevor ich wähle.","Pregúntome se é unha promoción da propia plataforma antes de elixir.","Aukeratu aurretik plataformaren beraren sustapen bat ote den galdetzen diot nire buruari."
streamingQuestions.2.text,"¿Qué haces si {plataforma} te insiste con obras muy comerciales o que no encajan contigo?","What do you do if {plataforma} insists on highly commercial works or things that don't fit you?","Què fas si {plataforma} t'insisteix amb obres molt comercials o que no encaixen amb tu?","O que faz se o {plataforma} insistir com obras muito comerciais ou que não têm a ver consigo?","Was machst du, wenn {plataforma} dir sehr kommerzielle Werke aufdrängt oder Dinge, die nicht zu dir passen?","Que fas se {plataforma} insísteche con obras moi comerciais ou que non encaixen contigo?","Zer egiten duzu {plataforma} plataformak zurekin bat ez datozen eduki oso komertzialak behin eta berriz gomendatzen badizkizu?"
streamingQuestions.2.options.0.text,"Las acabo consumiendo por inercia o comodidad.","I end up consuming them out of habit or convenience.","Les acabo consumint per inèrcia o comoditat.","Acabo por as consumir por inércia ou comodidade.","Ich konsumiere sie am Ende aus Gewohnheit oder Bequemlichkeit.","Acáboas consumindo por inercia ou comodidade.","Inertziaz edo erosotasunagatik kontsumitzen amaitzen ditut."
streamingQuestions.2.options.1.text,"Uso los botones de valoración o borro el historial para intentar educarla.","I use the rating buttons or clear my history to try and educate it.","Utilitzo els botons de valoració o esborro l'historial per intentar educar-la.","Uso os botões de avaliação ou apago o histórico para tentar educá-la.","Ich benutze die Bewertungs-Buttons oder lösche meinen Verlauf, um zu versuchen, das System zu erziehen.","Uso os botóns de valoración ou borro o historial para tentar educala.","Balorazio botoiak erabiltzen ditut edo nire historia garbitzen dut plataforma hezten saiatzeko."
streamingQuestions.2.options.2.text,"Reflexiono críticamente sobre la falta de diversidad cultural del catálogo.","I critically reflect on the catalog's lack of cultural diversity.","Reflexiono críticament sobre la falta de diversitat cultural del catàleg.","Reflito criticamente sobre a falta de diversidade cultural do catálogo.","Ich denke kritisch über die mangelnde kulturelle Vielfalt des Katalogs nach.","Reflexiono criticamente sobre a falta de diversidade cultural do catálogo.","Katalogoaren kultura-aniztasun ezari buruzko gogoeta kritikoa egiten dut."
streamingQuestions.2.options.3.text,"Cierro la aplicación y opto por catálogos alternativos o formatos independientes.","I close the application and opt for alternative catalogs or independent formats.","Tanco l'aplicació i opto per catàlegs alternatius o formats independents.","Fecho a aplicação e opto por catálogos alternativos ou formatos independentes.","Ich schließe die Anwendung und entscheide mich für alternative Kataloge oder unabhängige Formate.","Pecho a aplicación e opto por catálogos alternativos ou formatos independentes.","Aplikazioa itxi eta katalogo alternatibo edo formatu independenteen alde egiten dut."
streamingQuestions.3.text,"¿Hasta qué punto sientes que controlas tu catálogo de recomendaciones en {plataforma}?","To what extent do you feel you control your recommendation catalog on {plataforma}?","Fins a quin punt sents que controles el teu catàleg de recomanacions a {plataforma}?","Até que ponto sente que controla o seu catálogo de recomendações no {plataforma}?","Inwiefern hast du das Gefühl, deinen Empfehlungskatalog auf {plataforma} zu kontrollieren?","Ata que punto sentes que controlas o teu catálogo de recomendacións en {plataforma}?","Zure ustez, noraino kontrolatzen duzu {plataforma} plataformako gomendioen katalogoa?"
streamingQuestions.3.options.0.text,"Nada, me limito a lo que la portada me pone delante.","Not at all, I just stick to what the homepage puts in front of me.","Gens, em limito al que la portada em posa al davant.","Nada, limito-me ao que a página inicial me coloca à frente.","Gar nicht, ich beschränke mich auf das, was mir auf der Startseite präsentiert wird.","Nada, limítome ao que a portada me pon diante.","Inondik inora ere ez, hasierako orriak aurrean jartzen didanari soilik lotzen natzaio."
streamingQuestions.3.options.1.text,"Algo, porque lo voy moldeando al añadir obras a mis listas o favoritos.","Somewhat, because I shape it by adding works to my lists or favorites.","Una mica, perquè el vaig modelant a l'afegir obres a les meves llistes o favorits.","Um pouco, porque o vou moldando ao adicionar obras às minhas listas ou favoritos.","Ein wenig, weil ich ihn forme, indem ich Werke zu meinen Listen oder Favoriten hinzufüge.","Algo, porque o vou moldeando ao engadir obras ás miñas listas ou favoritos.","Zerbait, nire zerrendetara edo gogokoetara lanak gehituz moldatzen dudalako."
streamingQuestions.3.options.2.text,"Bastante, porque busco activamente saltándome la página principal.","Quite a lot, because I actively search, skipping the main page.","Bastant, perquè busco activament saltant-me la pàgina principal.","Bastante, porque procuro ativamente saltando a página principal.","Ziemlich viel, weil ich aktiv suche und die Hauptseite überspringe.","Bastante, porque busco activamente saltándome a páxina principal.","Nahiko, bilaketa aktiboak egiten ditudalako hasierako orria saihestuz."
streamingQuestions.3.options.3.text,"Total, ignoro las sugerencias automáticas y voy directo a lo que quiero consumir.","Totally, I ignore automatic suggestions and go straight to what I want.","Totalment, ignoro els suggeriments automàtics i vaig directe al que vull consumir.","Totalmente, ignoro as sugestões automáticas e vou diretamente ao que quero consumir.","Völlig, ich ignoriere automatische Vorschläge und gehe direkt zu dem, was ich konsumieren möchte.","Total, ignoro as suxestións automáticas e vou directo ao que quero consumir.","Guztiz, gomendio automatikoei ez diet jaramonik egiten eta zuzenean nahi dudanera joaten naiz."
streamingQuestions.4.text,"Para descubrir joyas ocultas u obras menos conocidas en {plataforma}, ¿qué haces?","To discover hidden gems or lesser-known works on {plataforma}, what do you do?","Per descobrir joies ocultes o obres menys conegudes a {plataforma}, què fas?","Para descobrir joias ocultas ou obras menos conhecidas no {plataforma}, o que faz?","Um verborgene Schätze oder weniger bekannte Werke auf {plataforma} zu entdecken, was tust du?","Para descubrir xoias ocultas ou obras menos coñecidas en {plataforma}, que fas?","Ezkutuko harribitxiak edo {plataforma} plataforman hain ezagunak ez diren lanak deskubritzeko, zer egiten duzu?"
streamingQuestions.4.options.0.text,"Dejo que la reproducción automática me sorprenda.","I let autoplay surprise me.","Deixo que la reproducció automàtica em sorprengui.","Deixo que a reprodução automática me surpreenda.","Ich lasse mich vom Autoplay überraschen.","Deixo que a reprodución automática me sorprenda.","Erreprodukzio automatikoak harritu nazan uzten dut."
streamingQuestions.4.options.1.text,"Exploro subcategorías o listas temáticas específicas sugeridas en la interfaz.","I explore specific subcategories or thematic lists suggested in the UI.","Exploro subcategories o llistes temàtiques específiques suggerides a la interfície.","Exploro subcategorias ou listas temáticas específicas sugeridas na interface.","Ich erkunde spezifische Unterkategorien oder thematische Listen, die in der Benutzeroberfläche vorgeschlagen werden.","Exploro subcategorías ou listas temáticas específicas suxeridas na interface.","Interfazean iradokitako azpikategoria edo zerrenda tematiko zehatzak esploratzen ditut."
streamingQuestions.4.options.2.text,"Consulto foros, revistas o pregunto a personas fuera del ecosistema de la app.","I consult forums, magazines, or ask people outside the app's ecosystem.","Consulto fòrums, revistes o pregunto a persones fora de l'ecosistema de l'app.","Consulto fóruns, revistas ou pergunto a pessoas fora do ecossistema da app.","Ich konsultiere Foren, Zeitschriften oder frage Leute außerhalb des App-Ökosystems.","Consulto foros, revistas ou pregunto a persoas fóra do ecosistema da app.","Foroak, aldizkariak kontsultatzen ditut edo aplikazioaren ekosistematik kanpoko jendeari galdetzen diot."
streamingQuestions.4.options.3.text,"Investigo en bases de datos independientes para encontrar contenido de nicho.","I research in independent databases to find niche content.","Investigo en bases de dades independents per trobar contingut de nínxol.","Investigo em bases de dados independentes para encontrar conteúdo de nicho.","Ich recherchiere in unabhängigen Datenbanken, um Nischeninhalte zu finden.","Investigo en bases de datos independentes para atopar contido de nicho.","Datu-base independenteetan ikertzen dut nitxoko edukiak aurkitzeko."
streamingQuestions.5.text,"¿Qué opinión te merecen las listas de 'Top 10' o 'Más populares' en {plataforma}?","What is your opinion of the 'Top 10' or 'Most popular' lists on {plataforma}?","Quina opinió et mereixen les llistes de 'Top 10' o 'Més populars' a {plataforma}?","Que opinião tem sobre as listas de 'Top 10' ou 'Mais populares' do {plataforma}?","Was hältst du von den 'Top 10' oder 'Beliebteste'-Listen auf {plataforma}?","Que opinión che merecen as listas de 'Top 10' ou 'Máis populares' en {plataforma}?","Zer iritzi duzu {plataforma} plataformako 'Top 10' edo 'Ezagunenen' zerrendei buruz?"
streamingQuestions.5.options.0.text,"Son la opción más segura y rápida para elegir qué consumir hoy.","They are the safest and fastest option to choose what to consume today.","Són l'opció més segura i ràpida per triar què consumir avui.","São a opção mais segura e rápida para escolher o que consumir hoje.","Sie sind die sicherste und schnellste Option, um auszuwählen, was man heute konsumieren möchte.","Son a opción máis segura e rápida para elixir que consumir hoxe.","Gaur zer kontsumitu aukeratzeko aukera seguruena eta azkarrena dira."
streamingQuestions.5.options.1.text,"Las reviso por curiosidad, pero solo escojo lo que encaja en mis gustos.","I check them out of curiosity, but only pick what fits my tastes.","Les reviso per curiositat, però només trio el que encaixa en els meus gustos.","Revejo-as por curiosidade, mas só escolho o que se enquadra nos meus gostos.","Ich überprüfe sie aus Neugierde, wähle aber nur aus, was zu meinem Geschmack passt.","Revísoas por curiosidade, pero só escollo o que encaixa nos meus gustos.","Jakin-minagatik begiratzen ditut, baina nire gustuekin bat datorrena bakarrik aukeratzen dut."
streamingQuestions.5.options.2.text,"Las uso como referencia, pero siempre valido su calidad en otros sitios.","I use them as a reference, but always validate their quality elsewhere.","Les utilitzo com a referència, però sempre valido la seva qualitat en altres llocs.","Uso-as como referência, mas valido sempre a sua qualidade noutros sites.","Ich nutze sie als Referenz, überprüfe ihre Qualität aber immer an anderer Stelle.","Úsoas como referencia, pero sempre valido a súa calidade noutros sitios.","Erreferentzia gisa erabiltzen ditut, baina beti baliozkotzen dut haien kalitatea beste nonbait."
streamingQuestions.5.options.3.text,"Suelo evitarlas activamente porque suelen beneficiar a las grandes producciones.","I actively avoid them because they usually benefit large productions.","Les solc evitar activament perquè solen beneficiar a les grans produccions.","Costumo evitá-las ativamente porque tendem a beneficiar as grandes produções.","Ich meide sie aktiv, weil sie normalerweise große Produktionen bevorzugen.","Adoito evitalas activamente porque adoitan beneficiar ás grandes producións.","Aktiboki saihesten ditut, ekoizpen handiei bakarrik mesede egin ohi dietelako."
streamingQuestions.6.text,"¿Con qué frecuencia exploras géneros muy alejados de tus preferencias habituales en {plataforma}?","How often do you explore genres very far from your usual preferences on {plataforma}?","Amb quina freqüència explores gèneres molt allunyats de les teves preferències habituals a {plataforma}?","Com que frequência explora géneros muito distantes das suas preferências habituais no {plataforma}?","Wie oft erkundest du Genres auf {plataforma}, die sehr weit von deinen üblichen Vorlieben entfernt sind?","Con que frecuencia exploras xéneros moi afastados das túas preferencias habituais en {plataforma}?","Zenbat bider esploratzen dituzu zure ohiko lehentasunetatik oso urrun dauden generoak {plataforma} plataforman?"
streamingQuestions.6.options.0.text,"Nunca, prefiero confiar en la zona de confort que me ofrece el inicio.","Never, I prefer to trust the comfort zone offered by the homepage.","Mai, prefereixo confiar en la zona de confort que m'ofereix l'inici.","Nunca, prefiro confiar na zona de conforto que a página inicial me oferece.","Nie, ich verlasse mich lieber auf die Komfortzone, die mir der Startbildschirm bietet.","Nunca, prefiro confiar na zona de confort que me ofrece o inicio.","Inoiz ez, nahiago dut hasierako orriak eskaintzen didan erosotasun-eremuan konfiantza izan."
streamingQuestions.6.options.1.text,"Raramente, solo lo hago si el sistema me lo recomienda directamente.","Rarely, I only do it if the system recommends it directly to me.","Rarament, només ho faig si el sistema m'ho recomana directament.","Raramente, só o faço se o sistema mo recomendar diretamente.","Selten, ich tue es nur, wenn das System es mir direkt empfiehlt.","Raramente, só o fago se o sistema mo recomenda directamente.","Gutxitan, sistemak zuzenean gomendatzen badit bakarrik egiten dut."
streamingQuestions.6.options.2.text,"Frecuentemente, usando el buscador manual para encontrar variedad.","Frequently, using the manual search to find variety.","Freqüentment, utilitzant el cercador manual per trobar varietat.","Frequentemente, usando a pesquisa manual para encontrar variedade.","Häufig, ich nutze die manuelle Suche, um Vielfalt zu finden.","Frecuentemente, usando o buscador manual para atopar variedade.","Maiz, bilaketa zehatza erabiliz aniztasuna aurkitzeko."
streamingQuestions.6.options.3.text,"Siempre, hago una búsqueda sistemática para acceder a una oferta cultural plural.","Always, I conduct a systematic search to access a plural cultural offering.","Sempre, faig una cerca sistemàtica per accedir a una oferta cultural plural.","Sempre, faço uma pesquisa sistemática para aceder a uma oferta cultural plural.","Immer, ich führe eine systematische Suche durch, um auf ein plurales kulturelles Angebot zuzugreifen.","Sempre, fago unha busca sistemática para acceder a unha oferta cultural plural.","Beti, bilaketa sistematikoa egiten dut eskaintza kultural plural bat eskuratzeko."
streamingQuestions.7.text,"Al añadir contenido a 'Mi lista' o dar 'Me gusta' en {plataforma}, ¿qué buscas principalmente?","When adding content to 'My list' or 'Liking' it on {plataforma}, what is your main goal?","A l'afegir contingut a 'La meva llista' o fer 'M'agrada' a {plataforma}, què busques principalment?","Ao adicionar conteúdo à 'Minha lista' ou dar 'Gosto' no {plataforma}, o que procura principalmente?","Wenn du Inhalte zu 'Meine Liste' hinzufügst oder sie auf {plataforma} 'likest', was ist dein Hauptziel?","Ao engadir contido a 'A miña lista' ou dar 'Gústame' en {plataforma}, que buscas principalmente?","{plataforma} plataforman edukia 'Nire zerrendara' gehitzean edo 'Atsegin dut' ematean, zer bilatzen duzu nagusiki?"
streamingQuestions.7.options.0.text,"Lo hago por automatismo, y muchas veces no lo vuelvo a mirar.","I do it automatically, and often I never look at it again.","Ho faig per automatisme, i moltes vegades no ho torno a mirar.","Faço-o por automatismo e, muitas vezes, não volto a olhar para lá.","Ich tue es automatisch und schaue es mir oft nie wieder an.","Fágoo por automatismo, e moitas veces non o volvo a mirar.","Automatikoki egiten dut, eta askotan ez dut inoiz gehiago begiratzen."
streamingQuestions.7.options.1.text,"Lo hago para afinar el algoritmo y que me sugiera cosas similares en el futuro.","I do it to refine the algorithm so it suggests similar things in the future.","Ho faig per afinar l'algorisme i que em suggereixi coses similars en el futur.","Faço-o para afinar o algoritmo e que me sugira coisas semelhantes no futuro.","Ich tue es, um den Algorithmus zu verfeinern, damit er in Zukunft ähnliche Dinge vorschlägt.","Fágoo para afinar o algoritmo e que me suxira cousas similares no futuro.","Algoritmoa fintzeko egiten dut, etorkizunean antzeko gauzak iradoki diezazkidan."
streamingQuestions.7.options.2.text,"Evito hacerlo mucho para no reducir la diversidad de lo que me muestran.","I avoid doing it much so as not to reduce the diversity of what they show me.","Evito fer-ho molt per no reduir la diversitat del que em mostren.","Evito fazê-lo muito para não reduzir a diversidade daquilo que me mostram.","Ich versuche, es nicht zu oft zu tun, um die Vielfalt der mir angezeigten Dinge nicht einzuschränken.","Evito facelo moito para non reducir a diversidade do que me mostran.","Gehiegi ez egitea saiatzen naiz, erakusten didaten aniztasuna ez murrizteko."
streamingQuestions.7.options.3.text,"Para mantener un archivo personal de obras que realmente valoro como arte.","To keep a personal archive of works that I truly value as art.","Per mantenir un arxiu personal d'obres que realment valoro com a art.","Para manter um arquivo pessoal de obras que realmente valorizo como arte.","Um ein persönliches Archiv von Werken zu führen, die ich als Kunst wirklich schätze.","Para manter un arquivo persoal de obras que realmente valoro como arte.","Artea bezala benetan baloratzen ditudan lanen artxibo pertsonal bat mantentzeko."
streamingQuestions.8.text,"Si llevas demasiado tiempo navegando por el menú de {plataforma} sin decidirte, ¿qué haces?","If you spend too much time browsing the {plataforma} menu without deciding, what do you do?","Si passes massa temps navegant pel menú de {plataforma} sense decidir-te, què fas?","Se passar muito tempo a navegar pelo menu do {plataforma} sem se decidir, o que faz?","Wenn du zu viel Zeit damit verbringst, ohne Entscheidung durch das Menü von {plataforma} zu navigieren, was tust du?","Se pasas demasiado tempo navegando polo menú de {plataforma} sen decidirche, que fas?","{plataforma} plataformaren menuan erabakirik hartu gabe denbora gehiegi nabigatzen pasatzen baduzu, zer egiten duzu?"
streamingQuestions.8.options.0.text,"Acabo poniendo cualquier cosa sugerida en portada para no pensar más.","I end up putting on whatever is suggested on the cover so I don't have to think.","Acabo posant qualsevol cosa suggerida a la portada per no pensar més.","Acabo por colocar qualquer coisa sugerida na capa para não pensar mais no assunto.","Ich schaue mir am Ende irgendetwas an, was auf der Startseite vorgeschlagen wird, um nicht weiter nachdenken zu müssen.","Acabo pondo calquera cousa suxerida na portada para non pensar máis.","Azalean iradokitako edozein gauza jartzen dut pentsatu beharrik ez izateko."
streamingQuestions.8.options.1.text,"Afino la búsqueda utilizando categorías, directores o artistas específicos.","I narrow the search using specific categories, directors, or artists.","Afino la cerca utilitzant categories, directors o artistes específics.","Afino a pesquisa usando categorias, realizadores ou artistas específicos.","Ich schränke die Suche ein, indem ich spezifische Kategorien, Regisseure oder Künstler verwende.","Afino a busca utilizando categorías, directores ou artistas específicos.","Bilaketa mugatzen dut kategoria, zuzendari edo artista zehatzak erabiliz."
streamingQuestions.8.options.2.text,"Consulto alguna web externa de reseñas para salir de dudas y elegir.","I consult an external review website to clear my doubts and choose.","Consulto alguna web externa de ressenyes per sortir de dubtes i triar.","Consulto algum site externo de críticas para tirar as dúvidas e escolher.","Ich konsultiere eine externe Bewertungswebsite, um meine Zweifel auszuräumen und zu wählen.","Consulto algunha web externa de recensións para saír de dúbidas e elixir.","Kanpoko kritika-webgune bat kontsultatzen dut nire zalantzak argitzeko eta aukeratzeko."
streamingQuestions.8.options.3.text,"Apago la pantalla y decido hacer otra actividad ajena a lo digital.","I turn off the screen and decide to do another activity away from digital tech.","Apago la pantalla i decideixo fer una altra activitat aliena a l'entorn digital.","Desligo o ecrã e decido fazer outra atividade alheia ao ambiente digital.","Ich schalte den Bildschirm aus und beschließe, einer anderen Aktivität abseits des Digitalen nachzugehen.","Apago la pantalla e decido facer outra actividade allea ao dixital.","Pantaila itzaltzen dut eta ingurune digitaletik kanpoko beste jarduera bat egitea erabakitzen dut."
streamingQuestions.9.text,"¿Cuál sería tu experiencia ideal al usar {plataforma}?","What would be your ideal experience when using {plataforma}?","Quina seria la teva experiència ideal a l'utilitzar {plataforma}?","Qual seria a sua experiência ideal ao usar o {plataforma}?","Was wäre dein ideales Erlebnis bei der Nutzung von {plataforma}?","Cal sería a túa experiencia ideal ao usar {plataforma}?","Zein izango litzateke zure esperientzia ideala {plataforma} erabiltzean?"
streamingQuestions.9.options.0.text,"Que acierte siempre y me ponga contenido ideal sin tener que navegar.","That it always gets it right and gives me ideal content without having to browse.","Que encerti sempre i em posi contingut ideal sense haver de navegar.","Que acerte sempre e me coloque o conteúdo ideal sem ter de navegar.","Dass es immer ins Schwarze trifft und mir ideale Inhalte liefert, ohne navigieren zu müssen.","Que acerte sempre e póñame contido ideal sen ter que navegar.","Beti asmatzea eta nabigatu beharrik gabe eduki aproposa ematea."
streamingQuestions.9.options.1.text,"Que aprenda de mis hábitos para crear un entorno perfectamente personalizado.","That it learns from my habits to create a perfectly personalized environment.","Que aprengui dels meus hàbits per crear un entorn perfectament personalitzat.","Que aprenda com os meus hábitos para criar um ambiente perfeitamente personalizado.","Dass es aus meinen Gewohnheiten lernt, um eine perfekt personalisierte Umgebung zu schaffen.","Que aprenda dos meus hábitos para crear unha contorna perfectamente personalizada.","Nire ohituretatik ikastea ingurune guztiz pertsonalizatua sortzeko."
streamingQuestions.9.options.2.text,"Que funcione como un gran archivo neutral donde yo busco activamente.","That it functions as a large neutral archive where I actively search.","Que funcioni com un gran arxiu neutral on jo busco activament.","Que funcione como um grande arquivo neutro onde eu pesquiso ativamente.","Dass es als großes neutrales Archiv fungiert, in dem ich aktiv suche.","Que funcione como un gran arquivo neutral onde eu busco activamente.","Aktiboki bilatzen dudan artxibo neutral handi gisa funtzionatzea."
streamingQuestions.9.options.3.text,"Que sea solo un proveedor de acceso, manteniendo mi criterio libre y soberano.","That it is just an access provider, maintaining my free and sovereign judgment.","Que sigui només un proveïdor d'accés, mantenint el meu criteri lliure i sobirà.","Que seja apenas um provedor de acesso, mantendo o meu critério livre e soberano.","Dass es nur ein Zugangsprovider ist und mein freies und souveränes Urteilsvermögen unangetastet bleibt.","Que sexa só un provedor de acceso, mantendo o meu criterio libre e soberano.","Sarbide-hornitzaile soil bat izatea, nire iritzi libre eta subiranoari eutsiz."
